SR,PID,PNAME,PKID,PKNAME,PKDESC,PKFEATURE,PKTHEME,PKTYPE,KPI_PRO,PKSUBNAME,PKSUBTYPE,PKSUBDESC,PKSUBTHEME,PKSUBFEATURE,GRI,SASB,SGAMAPID1,SGAMAPID2,SGAMAPID3,SGAMAPID4,SGAMAPID5
1,P2,Project2,100,Anti-bribery/corruption statement or policy,"Does the firm state specific components in their anti-bribery and/or corruption statement or policy? 1. No 2. Yes, policy without components 3. Yes, policy with components",Governance,Governance,N/Y2/Y3,0,NULL,NULL,NULL,NULL,NULL,NULL,NULL,NULL,NULL,NULL,NULL,NULL
2,P2,Project2,300,Supplier bribery/corruption inspections or audits,Does the firm inspect or audit its suppliers or sourcing partners on bribery and/or corruption?,Governance,Governance,Y/N,0,NULL,NULL,NULL,NULL,NULL,NULL,NULL,NULL,NULL,NULL,NULL,NULL
3,P2,Project2,310,Operations in low ranking TICP Index countries,"Are the firm's operations linked to business activities in countries within the 20 lowest rankings in Transparency International�s Corruption Perception (TICP) Index? 1.No 2. Yes, but discloses specialised due dilligence processes 3.Yes, but no evidence of specialised due dilligence processes",Governance,Governance,N/Y2/Y3,0,NULL,NULL,NULL,NULL,NULL,NULL,NULL,NULL,NULL,NULL,NULL,NULL
4,P2,Project2,320,Operation links to Transparency International�s Government Defence Anti-Corruption Index,"Are the firm's operations linked to business activities in countries ranked in the ""E"" or ""F"" Band of Transparency International�s Government Defence Anti-Corruption Index? 1.No 2. Yes, but discloses specialised due dilligence processes 3.Yes, but no evidence of specialised due dilligence processes",Governance,Governance,N/Y2/Y3,0,NULL,NULL,NULL,NULL,NULL,NULL,NULL,NULL,NULL,NULL,NULL,NULL
5,P2,Project2,,Bribery/corruption monitoring,"Does the firm monitor the prevention of bribery and/or corruption within its operations? 1.No 2.Yes, without KPIs 3.Yes, with KPIs",Governance,Governance,N/Y2/Y3,0,NULL,NULL,NULL,NULL,NULL,NULL,NULL,NULL,NULL,NULL,NULL,NULL
6,P2,Project2,600,Bribery/corruption related lawsuits,"Has the firm been involved in any bribery and/or corruption related lawsuits or offenses investigated by a judicial/regulatory process? 1.No 2.Yes, reported externally (NGO,  judicial/regulatory body) 3.Yes, reported by company",Governance,Governance,N/Y2/Y3,0,NULL,NULL,NULL,NULL,NULL,NULL,NULL,NULL,NULL,NULL,NULL,NULL
7,P2,Project2,610,Restrictions on gifts,"Does the firm restrict its management or directors from exchanging gifts/entertainment/facilitation payments? 1.No, 2.Yes, allows gifts under threshold, 3. Yes, complete restriction",Governance,Governance,N/Y2/Y3,0,NULL,NULL,NULL,NULL,NULL,NULL,NULL,NULL,NULL,NULL,NULL,NULL
8,P2,Project2,700,Anti-bribery/corruption training,"Does the firm provide its employees with training on anti-bribery and/or corruption?  1. No, 2. Yes - without KPIs, 3. Yes - with KPIs",Governance,Governance,N/Y2/Y3,0,NULL,NULL,NULL,NULL,NULL,NULL,NULL,NULL,NULL,NULL,NULL,NULL
9,P2,Project2,710,Anti-money laundering statement or policy,"Does the firm have an anti-money laundering statement or policy? 1.No 2.Yes, statement 3.Yes, policy",Governance,Governance,N/Y2/Y3,0,NULL,NULL,NULL,NULL,NULL,NULL,NULL,NULL,NULL,NULL,NULL,NULL
10,P2,Project2,720,Money laundering monitoring,"Does the firm monitor the prevention of money laundering within its operations? 1.No 2.Yes, without KPIs 3.Yes, with KPIs",Governance,Governance,N/Y2/Y3,0,NULL,NULL,NULL,NULL,NULL,NULL,NULL,NULL,NULL,NULL,NULL,NULL
11,P2,Project2,730,Anti-money laundering training,"Does the firm provide its employees with training on anti-money laundering?  1. No, 2. Yes - without KPIs, 3. Yes - with KPIs",Governance,Governance,N/Y2/Y3,0,NULL,NULL,NULL,NULL,NULL,NULL,NULL,NULL,NULL,NULL,NULL,NULL
12,P2,Project2,740,Money laundering related lawsuits,"Has the firm been involved in any money laundering related lawsuits or offenses investigated by a judicial/regulatory process? 1.No 2.Yes, reported externally (NGO,  judicial/regulatory body) 3.Yes, reported by company",Governance,Governance,N/Y2/Y3,0,NULL,NULL,NULL,NULL,NULL,NULL,NULL,NULL,NULL,NULL,NULL,NULL
13,P2,Project2,750,Tax-evasion statement or policy,"Does the firm have an anti-tax evasion statement or policy? 1.No 2.Yes, statement 3.Yes, policy",Governance,Governance,N/Y2/Y3,0,NULL,NULL,NULL,NULL,NULL,NULL,NULL,NULL,NULL,NULL,NULL,NULL
14,P2,Project2,760,Tax related lawsuits,"Has the firm been involved in any tax related lawsuits or offenses investigated by a judicial/regulatory process? 1. No 2. Yes, reported externally (NGO,  judicial/regulatory body) 3. Yes, reported by company",Governance,Governance,N/Y2/Y3,0,NULL,NULL,NULL,NULL,NULL,NULL,NULL,NULL,NULL,NULL,NULL,NULL
15,P2,Project2,780,Country specific tax disclosure,"Does the firm report its tax paid on a country by country basis? 1.No 2.Yes, by regions 3.Yes, some countries 4.Yes, fully",Governance,Governance,N/Y2/Y3/Y4,0,NULL,NULL,NULL,NULL,NULL,NULL,NULL,NULL,NULL,NULL,NULL,NULL
16,P2,Project2,790,Board oversight of tax policy,Does the board have oversight of the firm's tax strategy?,Governance,Governance,Y/N,0,NULL,NULL,NULL,NULL,NULL,NULL,NULL,NULL,NULL,NULL,NULL,NULL
17,P2,Project2,770,Whistleblowing statement or policy,"Does the firm have a statement or policy to allow for whisteblowing? 1.No 2.Yes, statement 3.Yes, policy",Governance,Governance,N/Y2/Y3,0,NULL,NULL,NULL,NULL,NULL,NULL,NULL,NULL,NULL,NULL,NULL,NULL
18,P2,Project2,200,Whistleblowing support functions,"Does the company provide employees with access to an independent, external and confidential whistleblowing hotline and support function? 1.No  2.Yes for some employees 3.Yes for all employees",Governance,Governance,N/Y2/Y3,0,NULL,NULL,NULL,NULL,NULL,NULL,NULL,NULL,NULL,NULL,NULL,NULL
19,P2,Project2,800,Fair competition statement or policy,"Does the firm have a statement or policy on anti-competitive behavior? 1.No 2.Yes, statement 3.Yes, policy",Governance,Governance,N/Y2/Y3,0,NULL,NULL,NULL,NULL,NULL,NULL,NULL,NULL,NULL,NULL,NULL,NULL
20,P2,Project2,500,Competition related lawsuits,"Has the firm been involved in any anti-competitive behavior related lawsuits or offenses investigated by a judicial/regulatory process? 1.No 2.Yes, reported externally (NGO,  judicial/regulatory body) 3.Yes, reported by company",Governance,Governance,N/Y2/Y3,0,NULL,NULL,NULL,NULL,NULL,NULL,NULL,NULL,NULL,NULL,NULL,NULL
21,P2,Project2,900,IP related lawsuits,"Has the firm been involved in any IP related lawsuits or offenses investigated by a judicial/regulatory process? 1.No 2.Yes, reported externally (NGO,  judicial/regulatory body) 3.Yes, reported by company",Governance,Governance,N/Y2/Y3,0,NULL,NULL,NULL,NULL,NULL,NULL,NULL,NULL,NULL,NULL,NULL,NULL
22,P2,Project2,910,Political involvement statement or policy,"Does the firm have a statement or policy on political engagement and/or lobbying? 1.No 2.Yes, statement 3.Yes, policy",Governance,Governance,N/Y2/Y3,0,NULL,NULL,NULL,NULL,NULL,NULL,NULL,NULL,NULL,NULL,NULL,NULL
23,P2,Project2,920,Political contribution disclosure,"Does the company report publicly on all contributions made directly or indirectly on political parties, politicians in office and/or political candidates as well as lobbying contributions made directly or indirectly by the company, its employees and representatives? 1.No 2.Yes, without KPIs 3.Yes, with KPIs",Governance,Governance,N/Y2/Y3,0,NULL,NULL,NULL,NULL,NULL,NULL,NULL,NULL,NULL,NULL,NULL,NULL
24,P2,Project2,1020,Government lobbying,"Does the firm lobby against public policies (directly or indirectly) on sustainability issues? 1.No 2.Yes, indirectly 3.Yes, directly 4.Yes, both",Governance,Governance,N/Y2/Y3/Y4,0,NULL,NULL,NULL,NULL,NULL,NULL,NULL,NULL,NULL,NULL,NULL,NULL
25,P2,Project2,1030,Government engagement,"Does the firm offer support to or advocate positive government action on sustainability issues? 1.No 2.Yes, statement of support 3.Yes, work with policy makers to improve or introduce positive action on sustainability issues",Governance,Governance,N/Y2/Y3,0,NULL,NULL,NULL,NULL,NULL,NULL,NULL,NULL,NULL,NULL,NULL,NULL
26,P2,Project2,1060,Government shareholdings,"Is any government present in the shareholding structure? 1. No 2. Yes, not majority 3. Yes, majority (i.e. >50%)",Governance,Governance,N/Y2/Y3,0,NULL,NULL,NULL,NULL,NULL,NULL,NULL,NULL,NULL,NULL,NULL,NULL
27,P2,Project2,2600,Compensation committee,Does the firm have a commitee responsible for compensation?,Governance,Governance,Y/N,0,NULL,NULL,NULL,NULL,NULL,NULL,NULL,NULL,NULL,NULL,NULL,NULL
28,P2,Project2,2700,Executive compensation development,Does the firm use external consultants or peer benchmarking to set and improve key executives' compensation?,Governance,Governance,Y/N,0,NULL,NULL,NULL,NULL,NULL,NULL,NULL,NULL,NULL,NULL,NULL,NULL
29,P2,Project2,2710,Compensation committee independence,Percentage of the compensation committee that is independent,Governance,Governance,percentage/NULL,0,NULL,NULL,NULL,NULL,NULL,NULL,NULL,NULL,NULL,NULL,NULL,NULL
30,P2,Project2,2720,Compensation committee executives,Are there any executives on the compensation committee?,Governance,Governance,Y/N,0,NULL,NULL,NULL,NULL,NULL,NULL,NULL,NULL,NULL,NULL,NULL,NULL
31,P2,Project2,3700,Effective board functions,"Does the firm have processes to evaluate the Board performance? 1. No 2.Yes, self-assessment 3.Yes, internal committee 4.Yes, external consultancy",Governance,Governance,N/Y2/Y3/Y4,0,NULL,NULL,NULL,NULL,NULL,NULL,NULL,NULL,NULL,NULL,NULL,NULL
32,P2,Project2,7310,CEO corporate affiliations,Number of corporate affiliations of the CEO,Governance,Governance,number/NULL,0,NULL,NULL,NULL,NULL,NULL,NULL,NULL,NULL,NULL,NULL,NULL,NULL
33,P2,Project2,7400,Casting vote on a tie,"Does the Chair of the Board hold the casting vote in the event of a tie 1.No 2.Yes, but not disclosed 3.Yes, fully disclosed",Governance,Governance,N/Y2/Y3,0,NULL,NULL,NULL,NULL,NULL,NULL,NULL,NULL,NULL,NULL,NULL,NULL
34,P2,Project2,7500,Ex-CEO/EXCO chairperson,Has the current Chairman previously held an executive appointment in the company 1.No 2.EXCO 3.CEO  ,Governance,Governance,N/Y2/Y3,0,NULL,NULL,NULL,NULL,NULL,NULL,NULL,NULL,NULL,NULL,NULL,NULL
35,P2,Project2,10100,Proportion of non-executive directors,Percentage of directors classified as non-executive,Governance,Governance,percentage/NULL,0,NULL,NULL,NULL,NULL,NULL,NULL,NULL,NULL,NULL,NULL,NULL,NULL
36,P2,Project2,10200,CEO is director,Is the firm's CEO on the board of directors?,Governance,Governance,Y/N,0,NULL,NULL,NULL,NULL,NULL,NULL,NULL,NULL,NULL,NULL,NULL,NULL
37,P2,Project2,10700,Financial expertise,Percentage of non-executive directors that have financial expertise,Governance,Governance,percentage/NULL,0,NULL,NULL,NULL,NULL,NULL,NULL,NULL,NULL,NULL,NULL,NULL,NULL
38,P2,Project2,10710,Industry board expertise,Percentage of non-executive directors that have industry specific expertise,Governance,Governance,percentage/NULL,0,NULL,NULL,NULL,NULL,NULL,NULL,NULL,NULL,NULL,NULL,NULL,NULL
39,P2,Project2,10800,Chairperson independence,Does the firm have an independent director as the Chairperson?,Governance,Governance,Y/N,0,NULL,NULL,NULL,NULL,NULL,NULL,NULL,NULL,NULL,NULL,NULL,NULL
40,P2,Project2,2500,Non-executive director independence,Percentage of non-executive directors who are independent,Governance,Governance,percentage/NULL,0,NULL,NULL,NULL,NULL,NULL,NULL,NULL,NULL,NULL,NULL,NULL,NULL
41,P2,Project2,10810,Non-executive director shareholders ,Percentage of non-executive directors that are shareholders,Governance,Governance,percentage/NULL,0,NULL,NULL,NULL,NULL,NULL,NULL,NULL,NULL,NULL,NULL,NULL,NULL
42,P2,Project2,10820,Board meeting attendance,What is the average board meeting attendance?,Governance,Governance,percentage/NULL,0,NULL,NULL,NULL,NULL,NULL,NULL,NULL,NULL,NULL,NULL,NULL,NULL
43,P2,Project2,10830,Board size,What is the total number of board members?,Governance,Governance,Number,0,NULL,NULL,NULL,NULL,NULL,NULL,NULL,NULL,NULL,NULL,NULL,NULL
44,P2,Project2,7710,Risk Committee,Does the firm have a committee responsible for risk?,Governance,Governance,Y/N,0,NULL,NULL,NULL,NULL,NULL,NULL,NULL,NULL,NULL,NULL,NULL,NULL
45,P2,Project2,7720,Risk committee independence,Percentage of the risk committee that is independent,Governance,Governance,percentage/NULL,0,NULL,NULL,NULL,NULL,NULL,NULL,NULL,NULL,NULL,NULL,NULL,NULL
46,P2,Project2,7730,Risk committee executives,Are there any executives on the risk committee?,Governance,Governance,Y/N,0,NULL,NULL,NULL,NULL,NULL,NULL,NULL,NULL,NULL,NULL,NULL,NULL
47,P2,Project2,7900,Insider trading statement or policy,"Does the firm have an insider trading statement or policy?  1.No 2.Yes, statement 3.Yes, policy",Governance,Governance,N/Y2/Y3,0,NULL,NULL,NULL,NULL,NULL,NULL,NULL,NULL,NULL,NULL,NULL,NULL
48,P2,Project2,8000,Nomination committee,"Has the Board established a nominations committee function? 1.No 2.No, but will implement next fiscal year 3.Yes, fully operational   ",Governance,Governance,N/Y2/Y3,0,NULL,NULL,NULL,NULL,NULL,NULL,NULL,NULL,NULL,NULL,NULL,NULL
49,P2,Project2,11000,Nomination committee independence,Percentage of the nomination committee that is independent,Governance,Governance,percentage/NULL,0,NULL,NULL,NULL,NULL,NULL,NULL,NULL,NULL,NULL,NULL,NULL,NULL
50,P2,Project2,11010,Nomination committee executives,Are there any executives on the nomination committee?,Governance,Governance,Y/N,0,NULL,NULL,NULL,NULL,NULL,NULL,NULL,NULL,NULL,NULL,NULL,NULL
51,P2,Project2,9600,Audit committee ,Does the firm have a committee responsible for audits?,Governance,Governance,Y/N,0,NULL,NULL,NULL,NULL,NULL,NULL,NULL,NULL,NULL,NULL,NULL,NULL
52,P2,Project2,7700,Audit committee financial expertise,Percentage of audit committee members with financial expertise,Governance,Governance,percentage/NULL,0,NULL,NULL,NULL,NULL,NULL,NULL,NULL,NULL,NULL,NULL,NULL,NULL
53,P2,Project2,9500,Audit committee independence,Percentage of the audit committee that is independent,Governance,Governance,N/Y2/Y3,0,NULL,NULL,NULL,NULL,NULL,NULL,NULL,NULL,NULL,NULL,NULL,NULL
54,P2,Project2,9510,Audit committee executives,Are there any executives on the audit committee?,Governance,Governance,Y/N,0,NULL,NULL,NULL,NULL,NULL,NULL,NULL,NULL,NULL,NULL,NULL,NULL
55,P2,Project2,11200,Proportion of non-audit fees,Percentage of non-audit fees relative to the total amount of audit/audit-related fees,Governance,Governance,percentage/NULL,0,NULL,NULL,NULL,NULL,NULL,NULL,NULL,NULL,NULL,NULL,NULL,NULL
56,P2,Project2,11210,Auditor Opinion,"Have the firms' financial statements been found to be unreliable? 1.No (unqualified) 2.Yes, partly (qualified) 3.Yes, fully (adverse)",Governance,Governance,N/Y2/Y3,0,NULL,NULL,NULL,NULL,NULL,NULL,NULL,NULL,NULL,NULL,NULL,NULL
57,P2,Project2,10300,Code of Ethics,"Does the firm have a Code of Ethics? 1.No 2.Yes, but not disclosed externally 3.Yes, fully disclosed",Governance,Governance,N/Y2/Y3,0,NULL,NULL,NULL,NULL,NULL,NULL,NULL,NULL,NULL,NULL,NULL,NULL
58,P2,Project2,10310,Code of Conduct,"Does the firm have a Code of Conduct? 1.No 2.Yes, but not disclosed externally 3.Yes, fully disclosed",Governance,Governance,N/Y2/Y3,0,NULL,NULL,NULL,NULL,NULL,NULL,NULL,NULL,NULL,NULL,NULL,NULL
59,P2,Project2,10400,Corporate governance committee,Does the firm have a committee responsible for corporate governance?,Governance,Governance,Y/N,0,NULL,NULL,NULL,NULL,NULL,NULL,NULL,NULL,NULL,NULL,NULL,NULL
60,P2,Project2,10410,Anti-takeover devices,Does the firm have any anti-takeover devices in place?,Governance,Governance,Y/N,0,NULL,NULL,NULL,NULL,NULL,NULL,NULL,NULL,NULL,NULL,NULL,NULL
61,P2,Project2,10600,Number of anti-takeover devices,Total number of anti-takeover devices,Governance,Governance,number/NULL,0,NULL,NULL,NULL,NULL,NULL,NULL,NULL,NULL,NULL,NULL,NULL,NULL
62,P2,Project2,10900,Director re-election,Are the firm's directors subject to individual re-election?,Governance,Governance,Y/N,0,NULL,NULL,NULL,NULL,NULL,NULL,NULL,NULL,NULL,NULL,NULL,NULL
63,P2,Project2,9800,Director term limits,Does the firm put in place term limits for directors?,Governance,Governance,Y/N,0,NULL,NULL,NULL,NULL,NULL,NULL,NULL,NULL,NULL,NULL,NULL,NULL
64,P2,Project2,9900,Director re-election interval,What is the shortest interval for directors to be subject to individual re-election?,Governance,Governance,number (years)/NULL,0,NULL,NULL,NULL,NULL,NULL,NULL,NULL,NULL,NULL,NULL,NULL,NULL
65,P2,Project2,9910,Director disapproval,Has any director received an approval rate below 90%?,Governance,Governance,Y/N,0,NULL,NULL,NULL,NULL,NULL,NULL,NULL,NULL,NULL,NULL,NULL,NULL
66,P2,Project2,9930,Uncontested elections,Does the firm have processes to restrict majority voting in uncontested elections?,Governance,Governance,Y/N,0,NULL,NULL,NULL,NULL,NULL,NULL,NULL,NULL,NULL,NULL,NULL,NULL
67,P2,Project2,11220,Current auditor,Which auditor is contracted by the firm?,Governance,Governance,Text,0,NULL,NULL,NULL,NULL,NULL,NULL,NULL,NULL,NULL,NULL,NULL,NULL
68,P2,Project2,11400,Minority shareholder rights statement or policy,"Does the firm have a policy or statement to comply with domestic corporate governance codes for equal treatment of minority shareholders?  1.No 2.Yes, statement of compliance 3.Yes, policy",Governance,Governance,N/Y2/Y3,0,NULL,NULL,NULL,NULL,NULL,NULL,NULL,NULL,NULL,NULL,NULL,NULL
69,P2,Project2,8100,One share one vote statement or policy,"Does the company have a one share one vote policy for all share classes? 1.No 2.No, but is commited to implementation (statement) 3.Yes, policy",Governance,Governance,N/Y2/Y3,0,NULL,NULL,NULL,NULL,NULL,NULL,NULL,NULL,NULL,NULL,NULL,NULL
70,P2,Project2,11410,Equity dilutions,"Does the firm require shareholders to approve equity dilutions? 1. No 2. Yes 3. Yes, including though evergreen provisions ",Governance,Governance,N/Y2/Y3,0,NULL,NULL,NULL,NULL,NULL,NULL,NULL,NULL,NULL,NULL,NULL,NULL
71,P2,Project2,11430,Controlling shareholder,Does the firm have a controlling shareholder?,Governance,Governance,Y/N,0,NULL,NULL,NULL,NULL,NULL,NULL,NULL,NULL,NULL,NULL,NULL,NULL
72,P2,Project2,11440,Remote shareholder action,"Does the firm allow remote shareholder action? 1.No 2. Yes, written consent only 3.Yes, proxy access only 4. Yes, written consent and proxy access ",Governance,Governance,N/Y2/Y3/Y4,0,NULL,NULL,NULL,NULL,NULL,NULL,NULL,NULL,NULL,NULL,NULL,NULL
73,P2,Project2,40800,Auditor appointment period,What is the contract/appointment period for the statuatory auditor?,Governance,Governance,number (years)/NULL,0,NULL,NULL,NULL,NULL,NULL,NULL,NULL,NULL,NULL,NULL,NULL,NULL
74,P2,Project2,40900,Board background disclosure,"Does the firm publish information on the appointment history, skills, background and other affiliations of all Main Board members? 1.No  2.Yes, but not all  3.Yes, all ",Governance,Governance,N/Y2/Y3,0,NULL,NULL,NULL,NULL,NULL,NULL,NULL,NULL,NULL,NULL,NULL,NULL
75,P2,Project2,41000,Corporate statutes disclosure,"Are the articles of association, statutes or bylaws publicly available? 1.No 2.Some disclosure 3.Full public disclosure",Governance,Governance,N/Y2/Y3,0,NULL,NULL,NULL,NULL,NULL,NULL,NULL,NULL,NULL,NULL,NULL,NULL
76,P2,Project2,41100,English proxy materials,"Does the firm disclose its proxy statements in English? 1.No 2.Yes, sometimes 3.Yes, always",Governance,Governance,N/Y2/Y3,0,NULL,NULL,NULL,NULL,NULL,NULL,NULL,NULL,NULL,NULL,NULL,NULL
77,P2,Project2,41110,Executive remuneration statement or policy,"Does the firm have a statement or policy on executive remuneration?  1.No 2.Yes, statement 3.Yes, policy",Governance,Governance,N/Y2/Y3,0,NULL,NULL,NULL,NULL,NULL,NULL,NULL,NULL,NULL,NULL,NULL,NULL
78,P2,Project2,2400,Company loans,Does the firm provide loans to 1.Chairperson 2.Chairperson and/or CEO 3.Chairperson and/or CEO and/or other directors including NEDs 4. company-wide,Governance,Governance,N/Y2/Y3,0,NULL,NULL,NULL,NULL,NULL,NULL,NULL,NULL,NULL,NULL,NULL,NULL
79,P2,Project2,2900,Management bonus non-financial performance goals ,"Does the firm link its management's bonuses to the achievement of non-financial performance goals? 1.No 2.Yes, but partially guaranteed 3. Yes, none guaranteed",Governance,Governance,N/Y2/Y3,0,NULL,NULL,NULL,NULL,NULL,NULL,NULL,NULL,NULL,NULL,NULL,NULL
80,P2,Project2,2910,Director bonus non-financial performance goals ,"Does the firm link its directors' bonuses to the achievement of non-financial performance goals? 1.No 2.Yes, but partially guaranteed 3. Yes, none guaranteed",Governance,Governance,N/Y2/Y3,0,NULL,NULL,NULL,NULL,NULL,NULL,NULL,NULL,NULL,NULL,NULL,NULL
81,P2,Project2,3000,Management bonus long-term performance goals ,"Does the firm link its management's bonuses to the achievement of long-term goals? 1.No 2.Yes, but partially guaranteed 3. Yes, none guaranteed",Governance,Governance,N/Y2/Y3,0,NULL,NULL,NULL,NULL,NULL,NULL,NULL,NULL,NULL,NULL,NULL,NULL
82,P2,Project2,3010,Director bonus long-term performance goals ,"Does the firm link its directors' bonuses to the achievement of long-term goals? 1.No 2.Yes, but partially guaranteed 3. Yes, none guaranteed",Governance,Governance,N/Y2/Y3,0,NULL,NULL,NULL,NULL,NULL,NULL,NULL,NULL,NULL,NULL,NULL,NULL
83,P2,Project2,3020,Executives annual bonus cap,Does the firm have a cap on executives' annual bonus? ,Governance,Governance,Y/N,0,NULL,NULL,NULL,NULL,NULL,NULL,NULL,NULL,NULL,NULL,NULL,NULL
84,P2,Project2,3030,Executives deferred bonus,Can a portion of the executives' annual bonus be deferred? ,Governance,Governance,Y/N,0,NULL,NULL,NULL,NULL,NULL,NULL,NULL,NULL,NULL,NULL,NULL,NULL
85,P2,Project2,3040,Executive vested shares,"Are executives' shares subject to a minimum vesting period of five years? 1.No 2.Yes, some executives 3.Yes, all executives",Governance,Governance,N/Y2/Y3,0,NULL,NULL,NULL,NULL,NULL,NULL,NULL,NULL,NULL,NULL,NULL,NULL
86,P2,Project2,3050,CEO severance,Value of the CEO severance pay,Governance,Governance,number (reporting currency)/NULL,0,NULL,NULL,NULL,NULL,NULL,NULL,NULL,NULL,NULL,NULL,NULL,NULL
87,P2,Project2,3600,Malus and clawback provision,Does the fim have a malus and clawback provision?,Governance,Governance,Y/N,0,NULL,NULL,NULL,NULL,NULL,NULL,NULL,NULL,NULL,NULL,NULL,NULL
88,P2,Project2,7100,Performance linked compensation issues,"Have shareholders raised any compensation issues? 1.No 2.Yes, informal channels 3.Yes, formal channels ",Governance,Governance,N/Y2/Y3,0,NULL,NULL,NULL,NULL,NULL,NULL,NULL,NULL,NULL,NULL,NULL,NULL
89,P2,Project2,41300,Sustainability reporting,"Does the firm publish an annual sustainability report, GRI report, or sustainability section in its annual report?",Governance,Governance,Y/N,0,NULL,NULL,NULL,NULL,NULL,NULL,NULL,NULL,NULL,NULL,NULL,NULL
90,P2,Project2,41310,Policy position,Does the firm position itself on government regulations and/or policy proposals that address environmental and social factors affecting its industry?,Governance,Governance,Y/N,0,NULL,NULL,NULL,NULL,NULL,NULL,NULL,NULL,NULL,NULL,NULL,NULL
91,P2,Project2,41700,GRI reporting  ,Does the firm use the GRI framework in its sustainability report or publish a separate GRI report?,Governance,Governance,Y/N,0,NULL,NULL,NULL,NULL,NULL,NULL,NULL,NULL,NULL,NULL,NULL,NULL
92,P2,Project2,41900,MD&A integrated reporting,"Does the firm incorporate ESG factors in the management discussion and analysis section, business summary or business review of its annual report?",Governance,Governance,Y/N,0,NULL,NULL,NULL,NULL,NULL,NULL,NULL,NULL,NULL,NULL,NULL,NULL
93,P2,Project2,42000,Non-domestic sustainability reporting ,Does the firm's sustainability reporting cover non-domestic business activities? ,Governance,Governance,Y/N,0,NULL,NULL,NULL,NULL,NULL,NULL,NULL,NULL,NULL,NULL,NULL,NULL
94,P2,Project2,42400,Sustainability report external review,Does the firm provide external review on its sustainability report or sustainability section in the annual report? ,Governance,Governance,Y/N,0,NULL,NULL,NULL,NULL,NULL,NULL,NULL,NULL,NULL,NULL,NULL,NULL
95,P2,Project2,35700,Maximum level of assurance given for ESG data,What is the maximum level of assurance given for ESG data provided by the company?,Governance,Governance,Resonable/Limited/None,0,NULL,NULL,NULL,NULL,NULL,NULL,NULL,NULL,NULL,NULL,NULL,NULL
96,P2,Project2,41400,Board meeting attendance disclosure,Does the firm disclose details of the individual Board members'  meeting attendance? ,Governance,Governance,Y/N,0,NULL,NULL,NULL,NULL,NULL,NULL,NULL,NULL,NULL,NULL,NULL,NULL
97,P2,Project2,41410,Audit Committee attendance,Does the firm disclose details of the individual audit committee members' meeting attendance? ,Governance,Governance,Y/N,0,NULL,NULL,NULL,NULL,NULL,NULL,NULL,NULL,NULL,NULL,NULL,NULL
98,P2,Project2,41500,Director remuneration disclosure,"Does the firm disclose the individual directors' remuneration? 1.No  2.Yes, executive only  3.Yes, non-executive only, 4.Yes, both",Governance,Governance,N/Y2/Y3/Y4,0,NULL,NULL,NULL,NULL,NULL,NULL,NULL,NULL,NULL,NULL,NULL,NULL
99,P2,Project2,41510,ESG materiality measurement ,Does the firm disclose its approach to measuring the materiality of ESG issues?,Governance,Governance,Y/N,0,NULL,NULL,NULL,NULL,NULL,NULL,NULL,NULL,NULL,NULL,NULL,NULL
100,P2,Project2,41520,ESG materiality assessment ,Does the firm disclose the results of a materiality assessment relating to ESG issues?,Governance,Governance,Y/N,0,NULL,NULL,NULL,NULL,NULL,NULL,NULL,NULL,NULL,NULL,NULL,NULL
101,P2,Project2,41530,Business continuity risks,"Does the firm describe business continuity risks related to disruptions of operations? 1.No  2.Yes, without continuity plan  3.Yes, with continuity plan ",Governance,Governance,N/Y2/Y3,0,NULL,NULL,NULL,NULL,NULL,NULL,NULL,NULL,NULL,NULL,NULL,NULL
102,P2,Project2,41540,Business continuity plan,Does the firm describe its business continuity plan?,Governance,Governance,Y/N,0,NULL,NULL,NULL,NULL,NULL,NULL,NULL,NULL,NULL,NULL,NULL,NULL
103,P2,Project2,42200,Stakeholder engagement disclosure,Does the firm disclose how it is engaging and involving stakeholders in the materiality prioritisation process?,Governance,Governance,Y/N,0,NULL,NULL,NULL,NULL,NULL,NULL,NULL,NULL,NULL,NULL,NULL,NULL
104,P2,Project2,41810,Executive succession plan,Does the firm disclose a succession plan for the CEO and senior executives? ,Governance,Governance,Y/N,0,NULL,NULL,NULL,NULL,NULL,NULL,NULL,NULL,NULL,NULL,NULL,NULL
105,P2,Project2,41830,Performance measure disclosure,Does the firm disclose performance measures for executives?,Governance,Governance,Y/N,0,NULL,NULL,NULL,NULL,NULL,NULL,NULL,NULL,NULL,NULL,NULL,NULL
106,P2,Project2,41840,Ownership disclosure,Does the firm disclose its ownership breakdown?,Governance,Governance,Y/N,0,NULL,NULL,NULL,NULL,NULL,NULL,NULL,NULL,NULL,NULL,NULL,NULL
107,P2,Project2,41850,Related party transaction statement or policy,"Does the firm have a statement or policy on related party transactions? 1.No 2.Yes, statement 3.Yes, policy",Governance,Governance,N/Y2/Y3,0,NULL,NULL,NULL,NULL,NULL,NULL,NULL,NULL,NULL,NULL,NULL,NULL
108,P2,Project2,41870,Director RPTs,Are any of the directors involved in RPTs?,Governance,Governance,Y/N,0,NULL,NULL,NULL,NULL,NULL,NULL,NULL,NULL,NULL,NULL,NULL,NULL
109,P2,Project2,41860,Supply chain tracability,Does the firm disclose methods used to maintain traceability of sourced materials?,Governance,Governance,Y/N,0,NULL,NULL,NULL,NULL,NULL,NULL,NULL,NULL,NULL,NULL,NULL,NULL
110,P2,Project2,41880,Criminal directors/executives ,"Has any director and/or senior management been convicted of a crime? 1.No 2.Yes, any crime 3.Yes, white collar crime 4.Yes, both",Governance,Governance,N/Y2/Y3/Y4,0,NULL,NULL,NULL,NULL,NULL,NULL,NULL,NULL,NULL,NULL,NULL,NULL
111,P2,Project2,7110,Corporate culture disclosure,Does the company define the purpose and culture  of the organisation?,Governance,Governance,Y/N,0,NULL,NULL,NULL,NULL,NULL,NULL,NULL,NULL,NULL,NULL,NULL,NULL
112,P2,Project2,7120,Corporate value creation disclosure,Does the company explain value creation in its business model disclosure?,Governance,Governance,Y/N,0,NULL,NULL,NULL,NULL,NULL,NULL,NULL,NULL,NULL,NULL,NULL,NULL
113,P2,Project2,7130,Chairman's statement on culture,"Does the Chairman provide clear commentary and commitments for the organisation in terms of culture, values and behaviours?",Governance,Governance,Y/N,0,NULL,NULL,NULL,NULL,NULL,NULL,NULL,NULL,NULL,NULL,NULL,NULL
114,P2,Project2,11290,Reporting boundary,What is the baseline reporting boundary for non-financial information for the company?,Governance,Governance,Text,0,NULL,NULL,NULL,NULL,NULL,NULL,NULL,NULL,NULL,NULL,NULL,NULL
115,P2,Project2,25800,Air quality data disclosure,Does the firm disclose quantitative data on air quality emissions? ,Environment,Environment,Y/N,0,NULL,NULL,NULL,NULL,NULL,NULL,NULL,NULL,NULL,NULL,NULL,NULL
116,P2,Project2,25810,NOx data disclosure,NOx emissions,Environment,Environment,number (tNOx),0,NULL,NULL,NULL,NULL,NULL,NULL,NULL,NULL,NULL,NULL,NULL,NULL
117,P2,Project2,25820,SOx data disclosure,SOx emissions,Environment,Environment,number (tSOx),0,NULL,NULL,NULL,NULL,NULL,NULL,NULL,NULL,NULL,NULL,NULL,NULL
118,P2,Project2,25830,VOC data disclosure,VOC emissions,Environment,Environment,number (tVOC),0,NULL,NULL,NULL,NULL,NULL,NULL,NULL,NULL,NULL,NULL,NULL,NULL
119,P2,Project2,25840,PM data disclosure,PM emissions,Environment,Environment,number (tPM10),0,NULL,NULL,NULL,NULL,NULL,NULL,NULL,NULL,NULL,NULL,NULL,NULL
120,P2,Project2,26300,Emissions reduction statement or policy,"Does the company have a statement or policy to reduce its emissions? 1.No 2.Yes, statement 3.Yes, policy",Environment,Environment,N/Y2/Y3,0,NULL,NULL,NULL,NULL,NULL,NULL,NULL,NULL,NULL,NULL,NULL,NULL
121,P2,Project2,25900,Air quality emissions reduction targets,"Does the firm have specific targets to improve air quality? 1.No 2.Yes, without KPIs 3.Yes, with KPIs ",Environment,Environment,N/Y2/Y3,0,NULL,NULL,NULL,NULL,NULL,NULL,NULL,NULL,NULL,NULL,NULL,NULL
122,P2,Project2,26000,NOx and SOx emissions reduction programs ,Does the firm have programs to improve air quality through the reduction of NOx and SOx emissions?,Environment,Environment,Y/N,0,NULL,NULL,NULL,NULL,NULL,NULL,NULL,NULL,NULL,NULL,NULL,NULL
123,P2,Project2,26100,VOC emissions reduction programs,Does the firm have programs to improve air quality through the reduction of VOC emissions?,Environment,Environment,Y/N,0,NULL,NULL,NULL,NULL,NULL,NULL,NULL,NULL,NULL,NULL,NULL,NULL
124,P2,Project2,26200,PM10 emissions reduction programs,Does the firm have programs to improve air quality through the reduction of PM10 emissions?,Environment,Environment,Y/N,0,NULL,NULL,NULL,NULL,NULL,NULL,NULL,NULL,NULL,NULL,NULL,NULL
125,P2,Project2,26400,GHG emissions reduction targets,"Does the firm have specific targets to reduce GHG emissions? 1.No 2.Yes, without KPIs 3.Yes, with KPIs ",Environment,Environment,N/Y2/Y3,0,NULL,NULL,NULL,NULL,NULL,NULL,NULL,NULL,NULL,NULL,NULL,NULL
126,P2,Project2,26500,Fleet emissions reduction,Does the firm disclose plans or programs to reduce GHG emissions from its fleet?,Environment,Environment,Y/N,0,NULL,NULL,NULL,NULL,NULL,NULL,NULL,NULL,NULL,NULL,NULL,NULL
127,P2,Project2,26600,Employee travel emissions reduction ,Does the firm have programs to reduce the environmental impact of staff commuting or business travel?,Environment,Environment,Y/N,0,NULL,NULL,NULL,NULL,NULL,NULL,NULL,NULL,NULL,NULL,NULL,NULL
128,P2,Project2,26700,GHG emissions data disclosure,Does the firm disclose quantitative GHG emissions data?,Environment,Environment,Y/N,0,NULL,NULL,NULL,NULL,NULL,NULL,NULL,NULL,NULL,NULL,NULL,NULL
129,P2,Project2,26800,GHG emissions,GHG/CO2e emissions ,Environment,Environment,number (tCO2e),0,NULL,NULL,NULL,NULL,NULL,NULL,NULL,NULL,NULL,NULL,NULL,NULL
130,P2,Project2,26910,Total energy distribution or production,What is the total amount of energy distributed or produced?,Environment,Environment,number (kWh),0,NULL,NULL,NULL,NULL,NULL,NULL,NULL,NULL,NULL,NULL,NULL,NULL
131,P2,Project2,27000,Emissions trading scheme participation,Does the firm participate in any emission trading scheme?,Environment,Environment,Y/N,0,NULL,NULL,NULL,NULL,NULL,NULL,NULL,NULL,NULL,NULL,NULL,NULL
132,P2,Project2,27010,Carbon pricing ,Does the firm use an internal carbon price?,Environment,Environment,Y/N,0,NULL,NULL,NULL,NULL,NULL,NULL,NULL,NULL,NULL,NULL,NULL,NULL
133,P2,Project2,27020,Carbon price disclosure,What is the internal carbon price per tonne used by the company?,Environment,Environment,number (reporting currency),0,NULL,NULL,NULL,NULL,NULL,NULL,NULL,NULL,NULL,NULL,NULL,NULL
134,P2,Project2,27100,CDP Participation (climate change),Does the firm participate in the annual Climate Change CDP questionnaire?,Environment,Environment,Y/N,0,NULL,NULL,NULL,NULL,NULL,NULL,NULL,NULL,NULL,NULL,NULL,NULL
135,P2,Project2,27200,Climate change risk/opportunity acknowledgement,Does the firm acknowledge that climate change is associated with commercial risk and/or opportunities to its business model? ,Environment,Environment,Y/N,0,NULL,NULL,NULL,NULL,NULL,NULL,NULL,NULL,NULL,NULL,NULL,NULL
136,P2,Project2,24100,Environmental statement or policy,"Does the firm have an envrionmental statement or policy? 1.No 2.Yes, statement 3.Yes, policy",Environment,Environment,N/Y2/Y3,0,NULL,NULL,NULL,NULL,NULL,NULL,NULL,NULL,NULL,NULL,NULL,NULL
137,P2,Project2,24400,Environmental supervision,Does the firm have a management level position or committee responsible for environmental issues?,Environment,Environment,Y/N,0,NULL,NULL,NULL,NULL,NULL,NULL,NULL,NULL,NULL,NULL,NULL,NULL
138,P2,Project2,24500,Environmental targets progress update,Does the firm disclose its progress towards environmental targets? ,Environment,Environment,Y/N,0,NULL,NULL,NULL,NULL,NULL,NULL,NULL,NULL,NULL,NULL,NULL,NULL
139,P2,Project2,24600,ISO 14000 series or EMS guidelines,Does the firm follow ISO 14000 series or another environmental management system (EMS) guidelines?,Environment,Environment,Y/N,0,NULL,NULL,NULL,NULL,NULL,NULL,NULL,NULL,NULL,NULL,NULL,NULL
140,P2,Project2,24800,ISO 14000 series certification,Does the firm have an ISO 14001 series certification?,Environment,Environment,Y/N,0,NULL,NULL,NULL,NULL,NULL,NULL,NULL,NULL,NULL,NULL,NULL,NULL
141,P2,Project2,24810,EMAS certification,Does the firm have an EU Eco-Management and Audit Scheme (EMAS) certification?,Environment,Environment,Y/N,0,NULL,NULL,NULL,NULL,NULL,NULL,NULL,NULL,NULL,NULL,NULL,NULL
142,P2,Project2,24900,Proportion of environmental management system certified sites,What percentage of company sites are within an audited & verified scheme such as ISO 14000?,Environment,Environment,percentage,0,NULL,NULL,NULL,NULL,NULL,NULL,NULL,NULL,NULL,NULL,NULL,NULL
143,P2,Project2,24910,Proportion of environmental management system certified subsiduaries,What percentage of company subsidiaries are within an audited & verified scheme such as ISO 14000?,Environment,Environment,percentage,0,NULL,NULL,NULL,NULL,NULL,NULL,NULL,NULL,NULL,NULL,NULL,NULL
144,P2,Project2,25000,Environmental inspections or audit results,Does the firm disclose the results of external environmental inspections or audits?,Environment,Environment,Y/N,0,NULL,NULL,NULL,NULL,NULL,NULL,NULL,NULL,NULL,NULL,NULL,NULL
145,P2,Project2,25100,Environmental investments ,Does the firm make environmental investments that will increase opportunities or reduce risks within its business model?,Environment,Environment,Y/N,0,NULL,NULL,NULL,NULL,NULL,NULL,NULL,NULL,NULL,NULL,NULL,NULL
146,P2,Project2,25200,Environmental expenditures,Does the firm publish expenditures for environmental projects and initiatives?,Environment,Environment,Y/N,0,NULL,NULL,NULL,NULL,NULL,NULL,NULL,NULL,NULL,NULL,NULL,NULL
147,P2,Project2,25300,Environmental protection expenditures (proactive),What is the total amount spent proactively on environmental protection?,Environment,Environment,number (reporting currency),0,NULL,NULL,NULL,NULL,NULL,NULL,NULL,NULL,NULL,NULL,NULL,NULL
148,P2,Project2,25400,Environmental collaborations,Does the firm collaborate with specialised partner organisations on positive environmental initiatives?,Environment,Environment,Y/N,0,NULL,NULL,NULL,NULL,NULL,NULL,NULL,NULL,NULL,NULL,NULL,NULL
149,P2,Project2,25500,Environmental grievance mechanisms,"Does the firm have mechanisms in place for managing environmental incidents, complaints, and grievances? ",Environment,Environment,Y/N,0,NULL,NULL,NULL,NULL,NULL,NULL,NULL,NULL,NULL,NULL,NULL,NULL
150,P2,Project2,25600,Environmental lawsuits or offenses,"Has the firm been involved in any environment related lawsuits or offenses investigated by a judicial/regulatory process? 1.No 2.Yes, reported externally (NGO,  judicial/regulatory body) 3.Yes, reported by company",Environment,Environment,N/Y2/Y3,0,NULL,NULL,NULL,NULL,NULL,NULL,NULL,NULL,NULL,NULL,NULL,NULL
151,P2,Project2,25700,Environmental fines,What is the total amount of fines paid relating to legal or regulatory environmental violations? ,Environment,Environment,number (reporting currency),0,NULL,NULL,NULL,NULL,NULL,NULL,NULL,NULL,NULL,NULL,NULL,NULL
152,P2,Project2,25710,Environmental protection expenditures (reactive),What is the total amount spent reactively on environmental protection?,Environment,Environment,number (reporting currency),0,NULL,NULL,NULL,NULL,NULL,NULL,NULL,NULL,NULL,NULL,NULL,NULL
153,P2,Project2,28800,Stakeholder engagement on environmental issues,Has the firm pledged to engage with relevant stakeholders?,Environment,Environment,Y/N,0,NULL,NULL,NULL,NULL,NULL,NULL,NULL,NULL,NULL,NULL,NULL,NULL
154,P2,Project2,29000,Supplier environmental criteria integration,Does the firm use environmental criteria when selecting its suppliers or sourcing partners?,Environment,Environment,Y/N,0,NULL,NULL,NULL,NULL,NULL,NULL,NULL,NULL,NULL,NULL,NULL,NULL
155,P2,Project2,29010,Supplier environmental inspections or audits,Does the firm inspect or audit its suppliers or sourcing partners on environmental criteria?,Environment,Environment,Y/N,0,NULL,NULL,NULL,NULL,NULL,NULL,NULL,NULL,NULL,NULL,NULL,NULL
156,P2,Project2,29100,Supplier environmental negligence,Does the firm end supplier relationships based on the partner's violation of environmental criteria?,Environment,Environment,Y/N,0,NULL,NULL,NULL,NULL,NULL,NULL,NULL,NULL,NULL,NULL,NULL,NULL
157,P2,Project2,29110,TCFD signatory,Is the company a supporter of the TCFD reccomendations?,Environment,Environment,Y/N,0,NULL,NULL,NULL,NULL,NULL,NULL,NULL,NULL,NULL,NULL,NULL,NULL
158,P2,Project2,27300,Product/service environmental impact statement or policy,"Does the firm have a statement or policy to address the environmental effect of its products or services? 1.No 2.Yes, statement 3.Yes, policy",Environment,Environment,N/Y2/Y3,0,NULL,NULL,NULL,NULL,NULL,NULL,NULL,NULL,NULL,NULL,NULL,NULL
159,P2,Project2,27400,Product/service enables environmentally responsible use,Does the firm have products or services that enable environmentally responsible use?,Environment,Environment,Y/N,0,NULL,NULL,NULL,NULL,NULL,NULL,NULL,NULL,NULL,NULL,NULL,NULL
160,P2,Project2,27500,Recyclable/reusable product design ,Does the firm have products that have been designed to be reused or recycled? ,Environment,Environment,,0,NULL,NULL,NULL,NULL,NULL,NULL,NULL,NULL,NULL,NULL,NULL,NULL
161,P2,Project2,27700,Product return and recycling programs,Does the firm have programs that enable its products to be returned and recycled once used?,Environment,Environment,Y/N,0,NULL,NULL,NULL,NULL,NULL,NULL,NULL,NULL,NULL,NULL,NULL,NULL
162,P2,Project2,28100,Sustainable Packaging statement or policy,"Does the company maintain a Sustainable Packaging statement or policy? 1.No 2.Yes, but not disclosed externally 3.Yes, fully disclosed",Environment,Environment,N/Y2/Y3,0,NULL,NULL,NULL,NULL,NULL,NULL,NULL,NULL,NULL,NULL,NULL,NULL
163,P2,Project2,27900,Environmental research and development costs,What is the total amount spent on environmental Research & Development?,Environment,Environment,number (local currency),0,NULL,NULL,NULL,NULL,NULL,NULL,NULL,NULL,NULL,NULL,NULL,NULL
164,P2,Project2,28200,Clean technology development,Does the firm provide or develop clean technology?,Environment,Environment,Y/N,0,NULL,NULL,NULL,NULL,NULL,NULL,NULL,NULL,NULL,NULL,NULL,NULL
165,P2,Project2,28300,Sustainable water products  ,Does the firm offer products or services that enable water use?,Environment,Environment,,0,NULL,NULL,NULL,NULL,NULL,NULL,NULL,NULL,NULL,NULL,NULL,NULL
166,P2,Project2,28400,Energy efficient products,Does the firm offer products or services that enable energy efficiency?,Environment,Environment,Y/N,0,NULL,NULL,NULL,NULL,NULL,NULL,NULL,NULL,NULL,NULL,NULL,NULL
167,P2,Project2,28600,Hybrid vehicles or engines,Does the firm provide or develop hybrid vehicles or engines?,Environment,Environment,Y/N,0,NULL,NULL,NULL,NULL,NULL,NULL,NULL,NULL,NULL,NULL,NULL,NULL
168,P2,Project2,28700,Noise emissions reduction product development ,Does the firm develop products designed to limit noise emissions?,Environment,Environment,,0,NULL,NULL,NULL,NULL,NULL,NULL,NULL,NULL,NULL,NULL,NULL,NULL
169,P2,Project2,32700,Environmental project financing,Does the firm consider environmental factors within its project financing decisions?,Environment,Environment,Y/N,0,NULL,NULL,NULL,NULL,NULL,NULL,NULL,NULL,NULL,NULL,NULL,NULL
170,P2,Project2,32710,Clean technology financing,Does the firm finance clean technology?,Environment,Environment,Y/N,0,NULL,NULL,NULL,NULL,NULL,NULL,NULL,NULL,NULL,NULL,NULL,NULL
171,P2,Project2,32800,Equator Principles signatory,Has the firm signed the Equator Principles?,Environment,Environment,Y/N,0,NULL,NULL,NULL,NULL,NULL,NULL,NULL,NULL,NULL,NULL,NULL,NULL
172,P2,Project2,32810,Renewable energy production/distribution,Does the firm produce or distribute renewable energy?,Environment,Environment,Y/N,0,NULL,NULL,NULL,NULL,NULL,NULL,NULL,NULL,NULL,NULL,NULL,NULL
173,P2,Project2,28500,Renewable energy distribution/production proportion,What percentage of the total energy produced or distributed is renewable?,Environment,Environment,percentage,0,NULL,NULL,NULL,NULL,NULL,NULL,NULL,NULL,NULL,NULL,NULL,NULL
174,P2,Project2,29200,Products sourced from responsibly managed forests,Does the firm source from responsibly managed forest lands or woods?,Environment,Environment,Y/N,0,NULL,NULL,NULL,NULL,NULL,NULL,NULL,NULL,NULL,NULL,NULL,NULL
175,P2,Project2,29300,Proportion of labeled/certified forest products ,What percentage of the firm's total wood or forest products is labeled or certified?,Environment,Environment,percentage,0,NULL,NULL,NULL,NULL,NULL,NULL,NULL,NULL,NULL,NULL,NULL,NULL
176,P2,Project2,29500,Animal testing policy or statement,"Does the firm have a policy or statement on animal testing? 1.No 2.Yes, statement 3.Yes, policy",Environment,Environment,N/Y2/Y3,0,NULL,NULL,NULL,NULL,NULL,NULL,NULL,NULL,NULL,NULL,NULL,NULL
177,P2,Project2,29400,Animal testing involvement,"Does the firm or its suppliers use animal testing? 1. No, 2. Yes - firm, 3. Yes - suppliers, 4. Yes - both",Environment,Environment,N/Y2/Y3/Y4,0,NULL,NULL,NULL,NULL,NULL,NULL,NULL,NULL,NULL,NULL,NULL,NULL
178,P2,Project2,29600,Animal products,Does the firm use animal products in its offering?,Environment,Environment,Y/N,0,NULL,NULL,NULL,NULL,NULL,NULL,NULL,NULL,NULL,NULL,NULL,NULL
179,P2,Project2,29610,Animal welfare standards,Does the firm have any external animal welfare standard certifications?,Environment,Environment,Y/N,0,NULL,NULL,NULL,NULL,NULL,NULL,NULL,NULL,NULL,NULL,NULL,NULL
180,P2,Project2,29640,Animal welfare initiatives,Does the firm have any programs or initiatives to improve animal welfare?,Environment,Environment,Y/N,0,NULL,NULL,NULL,NULL,NULL,NULL,NULL,NULL,NULL,NULL,NULL,NULL
181,P2,Project2,29620,Organic products,"Does the company provide any products that are classified as organic? 1. No, 2. Yes - not certified, 3. Yes - certified",Environment,Environment,N/Y2/Y3,0,NULL,NULL,NULL,NULL,NULL,NULL,NULL,NULL,NULL,NULL,NULL,NULL
182,P2,Project2,29630,Antibiotic use,"Does the firm or its suppliers aim to limit the use of antibiotics ? 1. No, 2. Yes - firm, 3. Yes - suppliers, 4. Yes - both",Environment,Environment,N/Y2/Y3/Y4,0,NULL,NULL,NULL,NULL,NULL,NULL,NULL,NULL,NULL,NULL,NULL,NULL
183,P2,Project2,29700,Habitat protection or restoration,Does the firm have programs to protect or restore habitats?,Environment,Environment,Y/N,0,NULL,NULL,NULL,NULL,NULL,NULL,NULL,NULL,NULL,NULL,NULL,NULL
184,P2,Project2,29710,Palm oil sourcing statement or policy,"Does the firm have a statement or policy on the responsible sourcing of palm oil?1.No 2.Yes, statement 3.Yes, policy",Environment,Environment,N/Y2/Y3,0,NULL,NULL,NULL,NULL,NULL,NULL,NULL,NULL,NULL,NULL,NULL,NULL
185,P2,Project2,29720,Palm oil sourcing disclosure,Does the firm disclose quantitative data on the sourcing of palm oil?,Environment,Environment,Y/N,0,NULL,NULL,NULL,NULL,NULL,NULL,NULL,NULL,NULL,NULL,NULL,NULL
186,P2,Project2,29730,Sustainable Palm oil sourcing,What percentage of sourced palm oil has been certified by the Roundtable on Sustainable Palm Oil (RSPO)?,Environment,Environment,percentage,0,NULL,NULL,NULL,NULL,NULL,NULL,NULL,NULL,NULL,NULL,NULL,NULL
187,P2,Project2,29800,Biodiversity impact statement or policy,"Does the firm have a statement or policy to minimise its biodiversity impact? 1.No 2.Yes, statement 3.Yes, policy",Environment,Environment,N/Y2/Y3,0,NULL,NULL,NULL,NULL,NULL,NULL,NULL,NULL,NULL,NULL,NULL,NULL
188,P2,Project2,29810,Biodiversity impact reduction initiatives,Does the firm have initiatives to minimise adverse impacts on biodiversity?,Environment,Environment,Y/N,0,NULL,NULL,NULL,NULL,NULL,NULL,NULL,NULL,NULL,NULL,NULL,NULL
189,P2,Project2,29860,Deforestation statement or policy,"Does the firm have a deforestation statement or policy? 1.No 2.Yes, statement 3.Yes, policy",Environment,Environment,N/Y2/Y3,0,NULL,NULL,NULL,NULL,NULL,NULL,NULL,NULL,NULL,NULL,NULL,NULL
190,P2,Project2,29840,Insurance or reserves for environmental restoration,Does the firm have insurance for or set aside reserves for environmental restoration?,Environment,Environment,Y/N,0,NULL,NULL,NULL,NULL,NULL,NULL,NULL,NULL,NULL,NULL,NULL,NULL
191,P2,Project2,29850,CDP Participation (forest),Does the firm participate in the annual Forest CDP questionnaire?,Environment,Environment,Y/N,0,NULL,NULL,NULL,NULL,NULL,NULL,NULL,NULL,NULL,NULL,NULL,NULL
192,P2,Project2,27600,Recycled/reused raw materials statement or policy,"Does the firm have a statement or policy on its use of recycled or reused raw materials?  1.No 2.Yes, statement 3.Yes, policy",Environment,Environment,N/Y2/Y3,0,NULL,NULL,NULL,NULL,NULL,NULL,NULL,NULL,NULL,NULL,NULL,NULL
193,P2,Project2,27610,Recycled/reused raw materials targets,"Does the firm have specific targets to increase its use of recycled or reused raw materials? 1. No 2.Yes, without KPIs 3.Yes, with KPIs ",Environment,Environment,N/Y2/Y3,0,NULL,NULL,NULL,NULL,NULL,NULL,NULL,NULL,NULL,NULL,NULL,NULL
194,P2,Project2,27620,Recycled/reused raw materials disclosure,Does the firm disclose quantitative data on recycled or reused raw matierials?,Environment,Environment,Y/N,0,NULL,NULL,NULL,NULL,NULL,NULL,NULL,NULL,NULL,NULL,NULL,NULL
195,P2,Project2,27630,Recycled/reused raw materials proportion,What percentage of total raw materials used are recycled or reused?,Environment,Environment,percentage,0,NULL,NULL,NULL,NULL,NULL,NULL,NULL,NULL,NULL,NULL,NULL,NULL
196,P2,Project2,28000,Toxic substances statement or policy,"Does the firm have a statement or policy on reducing its use of toxic substances?  1.No 2.Yes, statement 3.Yes, policy",Environment,Environment,N/Y2/Y3,0,NULL,NULL,NULL,NULL,NULL,NULL,NULL,NULL,NULL,NULL,NULL,NULL
197,P2,Project2,28010,Sustainable palm oil production,Does the firm produce palm oil certified by the Roundtable on Sustainable Palm Oil (RSPO)?,Environment,Environment,Y/N,0,NULL,NULL,NULL,NULL,NULL,NULL,NULL,NULL,NULL,NULL,NULL,NULL
198,P2,Project2,29900,Energy efficiency statement or policy,"Does the firm have an energy efficiency statement or policy? 1.No 2.Yes, statement 3.Yes, policy",Environment,Environment,N/Y2/Y3,0,NULL,NULL,NULL,NULL,NULL,NULL,NULL,NULL,NULL,NULL,NULL,NULL
199,P2,Project2,30000,Energy efficiency targets,"Does the firm have specific targets to improve its energy efficiency? 1. No 2.Yes, without KPIs 3.Yes, with KPIs ",Environment,Environment,N/Y2/Y3,0,NULL,NULL,NULL,NULL,NULL,NULL,NULL,NULL,NULL,NULL,NULL,NULL
200,P2,Project2,30010,Energy efficiency disclosure,Does the firm disclose quantitative data on its energy efficiency?,Environment,Environment,Y/N,0,NULL,NULL,NULL,NULL,NULL,NULL,NULL,NULL,NULL,NULL,NULL,NULL
201,P2,Project2,30200,Energy consumption,What is the total energy consumption (direct and indirect)?,Environment,Environment,number (kWh),0,NULL,NULL,NULL,NULL,NULL,NULL,NULL,NULL,NULL,NULL,NULL,NULL
202,P2,Project2,30300,Energy consumption per production volume,What is the total amount of energy used per unit of production volume?,Environment,Environment,number (kWh),0,NULL,NULL,NULL,NULL,NULL,NULL,NULL,NULL,NULL,NULL,NULL,NULL
203,P2,Project2,30110,Renewable energy use disclosure,Does the firm disclose quantitative data on renewable energy use?,Environment,Environment,Y/N,0,NULL,NULL,NULL,NULL,NULL,NULL,NULL,NULL,NULL,NULL,NULL,NULL
204,P2,Project2,30400,Renewable energy consumption,What is the total renewable energy consumption (direct and indirect)?,Environment,Environment,number (kWh),0,NULL,NULL,NULL,NULL,NULL,NULL,NULL,NULL,NULL,NULL,NULL,NULL
205,P2,Project2,30210,Renewable energy use statement or policy,"Does the firm have a renewable energy statement or policy? 1.No 2.Yes, statement 3.Yes, policy",Environment,Environment,N/Y2/Y3,0,NULL,NULL,NULL,NULL,NULL,NULL,NULL,NULL,NULL,NULL,NULL,NULL
206,P2,Project2,30100,Renewable energy use targets,"Does the firm have specific targets to increase its use of renewable energy? 1. No 2.Yes, without KPIs 3.Yes, with KPIs ",Environment,Environment,N/Y2/Y3,0,NULL,NULL,NULL,NULL,NULL,NULL,NULL,NULL,NULL,NULL,NULL,NULL
207,P2,Project2,30600,Property assets emissions reduction statement or policy,"Does the company have a statement or policy to manage the sustainability [environmental footprint & climate resilience] of its property assets? 1.No 2.Yes, without KPIs 3.Yes, with KPIs",Environment,Environment,N/Y2/Y3,0,NULL,NULL,NULL,NULL,NULL,NULL,NULL,NULL,NULL,NULL,NULL,NULL
208,P2,Project2,30700,Environmentally sustainable property,"Does the company report publicly on the sustainability [environmental impact & climate resilience] of its property owned or leased by the company? 1.No 2.Yes, without KPIs 3.Yes, with KPIs ",Environment,Environment,N/Y2/Y3,0,NULL,NULL,NULL,NULL,NULL,NULL,NULL,NULL,NULL,NULL,NULL,NULL
209,P2,Project2,30810,Real estate sustainability certification,"Does the firm rent, own or lease any buildings with a real estate sustainability certification?",Environment,Environment,Y/N,0,NULL,NULL,NULL,NULL,NULL,NULL,NULL,NULL,NULL,NULL,NULL,NULL
210,P2,Project2,30800,Land assets sustainability ,"Does the company publicly report the sustainability [environmental footprint & climate resilience] of its land assets? 1.No 2.Yes, without KPIs 3.Yes, with KPIs ",Environment,Environment,N/Y2/Y3,0,NULL,NULL,NULL,NULL,NULL,NULL,NULL,NULL,NULL,NULL,NULL,NULL
211,P2,Project2,30900,Waste management statement or policy,"Does the firm have a statement or policy specifying commitment to waste management?  1.No 2.Yes, statement 3.Yes, policy",Environment,Environment,N/Y2/Y3,0,NULL,NULL,NULL,NULL,NULL,NULL,NULL,NULL,NULL,NULL,NULL,NULL
212,P2,Project2,31000,Waste related targets,"Does the firm have specific waste related targets? 1. No 2.Yes, without KPIs 3.Yes, with KPIs ",Environment,Environment,N/Y2/Y3,0,NULL,NULL,NULL,NULL,NULL,NULL,NULL,NULL,NULL,NULL,NULL,NULL
213,P2,Project2,31200,Waste reduction programs,Does the firm have programs to reduce the amount of waste produced?,Environment,Environment,Y/N,0,NULL,NULL,NULL,NULL,NULL,NULL,NULL,NULL,NULL,NULL,NULL,NULL
214,P2,Project2,31700,Hazardous waste reduction programs,Does the firm have programs to reduce the amount of hazardous waste produced?,Environment,Environment,Y/N,0,NULL,NULL,NULL,NULL,NULL,NULL,NULL,NULL,NULL,NULL,NULL,NULL
215,P2,Project2,31710,Electronic waste reduction programs,Does the firm have programs to reduce the amount of electronic waste produced?,Environment,Environment,Y/N,0,NULL,NULL,NULL,NULL,NULL,NULL,NULL,NULL,NULL,NULL,NULL,NULL
216,P2,Project2,31300,Waste related data disclosure,Does the firm disclose quantitative waste related data?,Environment,Environment,Y/N,0,NULL,NULL,NULL,NULL,NULL,NULL,NULL,NULL,NULL,NULL,NULL,NULL
217,P2,Project2,31400,Waste produced ,What is the total amount of waste produced by the firm?,Environment,Environment,number (tonnes),0,NULL,NULL,NULL,NULL,NULL,NULL,NULL,NULL,NULL,NULL,NULL,NULL
218,P2,Project2,31500,Waste recycling,"Does the firm recycle its waste? 1. No 2.Yes, without KPIs 3.Yes, with KPIs ",Environment,Environment,N/Y2/Y3,0,NULL,NULL,NULL,NULL,NULL,NULL,NULL,NULL,NULL,NULL,NULL,NULL
219,P2,Project2,31600,Proportion of waste recycled,What percentage of the total waste produced by the firm is recycled or reused?  ,Environment,Environment,percentage,0,NULL,NULL,NULL,NULL,NULL,NULL,NULL,NULL,NULL,NULL,NULL,NULL
220,P2,Project2,31800,Hazardous waste related data disclosure,Does the firm disclose quantitative hazardous waste related data?,Environment,Environment,Y/N,0,NULL,NULL,NULL,NULL,NULL,NULL,NULL,NULL,NULL,NULL,NULL,NULL
221,P2,Project2,31900,Hazardous waste produced,What is the total amount of hazardous waste produced by the firm?,Environment,Environment,number (tonnes),0,NULL,NULL,NULL,NULL,NULL,NULL,NULL,NULL,NULL,NULL,NULL,NULL
222,P2,Project2,32000,Liquid non-water waste incident disclosure ,"Does the company publicly report its liquid non-water waste volumes, incidents and reduction activities? 1.No 2.Yes, without KPIs 3.Yes, with KPIs  ",Environment,Environment,N/Y2/Y3,0,NULL,NULL,NULL,NULL,NULL,NULL,NULL,NULL,NULL,NULL,NULL,NULL
223,P2,Project2,32010,Oil spills,What is the total volume of oil spilled by the firm?,Environment,Environment,number (barrels),0,NULL,NULL,NULL,NULL,NULL,NULL,NULL,NULL,NULL,NULL,NULL,NULL
224,P2,Project2,32020,Supply chain waste disclosure,"Does the firm require its suppliers to disclose their waste management and/or waste related risks? 1.No 2.Yes, some 3.Yes, all",Environment,Environment,N/Y2/Y3,0,NULL,NULL,NULL,NULL,NULL,NULL,NULL,NULL,NULL,NULL,NULL,NULL
225,P2,Project2,32030,Supplier waste management,"Does the firm support its suppliers in improving their waste management? 1.No 2.Yes, without KPIs 3.Yes, with KPIs ",Environment,Environment,N/Y2/Y3,0,NULL,NULL,NULL,NULL,NULL,NULL,NULL,NULL,NULL,NULL,NULL,NULL
226,P2,Project2,32200,Water resource management statement or policy,"Does the firm have a statement or policy specifying commitment to water resource mangement? 1.No 2.Yes, statement 3.Yes, policy",Environment,Environment,N/Y2/Y3,0,NULL,NULL,NULL,NULL,NULL,NULL,NULL,NULL,NULL,NULL,NULL,NULL
227,P2,Project2,32210,Water related targets,"Does the firm have specific targets to improve water resource management? 1.No 2.Yes, without KPIs 3.Yes, with KPIs ",Environment,Environment,N/Y2/Y3,0,NULL,NULL,NULL,NULL,NULL,NULL,NULL,NULL,NULL,NULL,NULL,NULL
228,P2,Project2,32220,Water resource management programs,Does the firm have programs to improve its water resource management?,Environment,Environment,Y/N,0,NULL,NULL,NULL,NULL,NULL,NULL,NULL,NULL,NULL,NULL,NULL,NULL
229,P2,Project2,32400,Water usage disclosure,"Does the firm disclose quantitative water usage data? 1.No 2.Yes 3.Yes, broken down by source",Environment,Environment,N/Y2/Y3,0,NULL,NULL,NULL,NULL,NULL,NULL,NULL,NULL,NULL,NULL,NULL,NULL
230,P2,Project2,32300,Water withdrawn,What is the total amount of water withdrawn?,Environment,Environment,number (tonnes),0,NULL,NULL,NULL,NULL,NULL,NULL,NULL,NULL,NULL,NULL,NULL,NULL
231,P2,Project2,32500,Water discharged,Total water discharged,Environment,Environment,number (tonnes),0,NULL,NULL,NULL,NULL,NULL,NULL,NULL,NULL,NULL,NULL,NULL,NULL
232,P2,Project2,32510,Water withdrawal from water stressed areas,What is the total water withdrawn from water stressed areas?,Environment,Environment,number (tonnes),0,NULL,NULL,NULL,NULL,NULL,NULL,NULL,NULL,NULL,NULL,NULL,NULL
233,P2,Project2,32520,Water discharged into water stressed areas,Total water discharged into water stressed areas,Environment,Environment,number (tonnes),0,NULL,NULL,NULL,NULL,NULL,NULL,NULL,NULL,NULL,NULL,NULL,NULL
234,P2,Project2,32600,Water recycling/reuse,"Does the firm recycling or reuse its water?  1.No 2.Yes, without KPIs 3.Yes, with KPIs ",Environment,Environment,N/Y2/Y3,0,NULL,NULL,NULL,NULL,NULL,NULL,NULL,NULL,NULL,NULL,NULL,NULL
235,P2,Project2,32610,Water quantity recycled/reused,What is the total volume of water recycled or reused by the firm?,Environment,Environment,number (tonnes),0,NULL,NULL,NULL,NULL,NULL,NULL,NULL,NULL,NULL,NULL,NULL,NULL
236,P2,Project2,32620,CDP Participation (water),Does the firm participate in the annual Water CDP questionnaire?,Environment,Environment,Y/N,0,NULL,NULL,NULL,NULL,NULL,NULL,NULL,NULL,NULL,NULL,NULL,NULL
237,P2,Project2,32630,Water discharge non-compliance,"Incidents of non-compliance with water quality permits, standards, and regulations",Environment,Environment,Y/N,0,NULL,NULL,NULL,NULL,NULL,NULL,NULL,NULL,NULL,NULL,NULL,NULL
238,P2,Project2,32640,Water risk/opportunity acknowledgement,"Does the firm acknowledge that water resource management is associated with opportunities to its business model, and mismanagement with commercial risks?",Environment,Environment,Y/N,0,NULL,NULL,NULL,NULL,NULL,NULL,NULL,NULL,NULL,NULL,NULL,NULL
239,P2,Project2,32660,Supply chain water disclosure,"Does the firm require its suppliers to disclose their water use and/or water related risks? 1.No 2.Yes, some 3.Yes, all",Environment,Environment,N/Y2/Y3,0,NULL,NULL,NULL,NULL,NULL,NULL,NULL,NULL,NULL,NULL,NULL,NULL
240,P2,Project2,32670,Water quality disclosure,Does the firm disclose quantitative data on water discharge quality?,Environment,Environment,Y/N,0,NULL,NULL,NULL,NULL,NULL,NULL,NULL,NULL,NULL,NULL,NULL,NULL
241,P2,Project2,32650,Water pollutants,Total weight of water pollutants emitted,Environment,Environment,number (tonnes),0,NULL,NULL,NULL,NULL,NULL,NULL,NULL,NULL,NULL,NULL,NULL,NULL
242,P2,Project2,32680,Hydraulic fracturing,Is the firm involved in hydraulic fracturing?,Environment,Environment,Y/N,0,NULL,NULL,NULL,NULL,NULL,NULL,NULL,NULL,NULL,NULL,NULL,NULL
243,P2,Project2,32690,Supplier water resource management,"Does the firm support its suppliers in improving their water resource management? 1.No 2.Yes, without KPIs 3.Yes, with KPIs ",Environment,Environment,N/Y2/Y3,0,NULL,NULL,NULL,NULL,NULL,NULL,NULL,NULL,NULL,NULL,NULL,NULL
244,P2,Project2,29820,IUCN Red List (operations),"Does the firm state that it or its suppliers do not operate within the habitats of any species identified as threatened or endangered by IUCN Red List? 1. No, 2. Yes - firm, 3. Yes - suppliers, 4. Yes - both",Environment,Environment,N/Y2/Y3/Y4,0,NULL,NULL,NULL,NULL,NULL,NULL,NULL,NULL,NULL,NULL,NULL,NULL
245,P2,Project2,29830,Protected areas (operations),"Does the firm state it or its suppliers do not operate within or near protected areas or areas of high biodiversity value? 1. No, 2. Yes - firm, 3. Yes - suppliers, 4. Yes - both",Environment,Environment,N/Y2/Y3/Y4,0,NULL,NULL,NULL,NULL,NULL,NULL,NULL,NULL,NULL,NULL,NULL,NULL
246,P2,Project2,1500,UN Global Compact signatory ,"Has the company signed the UN Global Compact 1.No. 2.Will sign this fiscal year 3. Yes, non-active member 4.Yes, active participant/signatory",Social,Social,N/Y2/Y3,0,NULL,NULL,NULL,NULL,NULL,NULL,NULL,NULL,NULL,NULL,NULL,NULL
247,P2,Project2,1920,Current or expected impacts on communities and local economies,"Does the firm discuss current or expected impacts on communities and local economies, including positive and negative impacts where relevant?  1.No 2.Yes without KPIs 3.Yes with KPIs",Social,Social,N/Y2/Y3,0,NULL,NULL,NULL,NULL,NULL,NULL,NULL,NULL,NULL,NULL,NULL,NULL
248,P2,Project2,36200,Accident rate disclosure,"Does the company report publicly on its workplace or commercial activity linked fatalities & Injuries? 1.No 2.Yes, without KPIs 3.Yes, with KPIs",Social,Social,N/Y2/Y3,0,NULL,NULL,NULL,NULL,NULL,NULL,NULL,NULL,NULL,NULL,NULL,NULL
249,P2,Project2,2000,Community grievance mechanisms,"Does the firm have mechanisms in place for managing community incidents, complaints, or grievances? ",Social,Social,Y/N,0,NULL,NULL,NULL,NULL,NULL,NULL,NULL,NULL,NULL,NULL,NULL,NULL
250,P2,Project2,2010,Community grievances,"Has the firm been involved in any incidents, complaints, or grievances relating to the communities in which it operates?  1.No 2.Yes, reported externally (NGO,  judicial/regulatory body) 3.Yes, reported by company",Social,Social,N/Y2/Y3,0,NULL,NULL,NULL,NULL,NULL,NULL,NULL,NULL,NULL,NULL,NULL,NULL
251,P2,Project2,2020,Grievances involving indigenous peoples ,"Has the firm been involved in any incidents, complaints, or grievances relating to the rights of  indigenous peoples?  1.No 2.Yes, reported externally (NGO,  judicial/regulatory body) 3.Yes, reported by company",Social,Social,N/Y2/Y3,0,NULL,NULL,NULL,NULL,NULL,NULL,NULL,NULL,NULL,NULL,NULL,NULL
252,P2,Project2,2100,OECD Guidelines for MNEs,Does the firm follow the OECD Guidelines for Multinational Enterprises?,Social,Social,Y/N,0,NULL,NULL,NULL,NULL,NULL,NULL,NULL,NULL,NULL,NULL,NULL,NULL
253,P2,Project2,2200,Social or ethical sustainability awards,Has the firm received any awards for socially responsible or ethical efforts?,Social,Social,Y/N,0,NULL,NULL,NULL,NULL,NULL,NULL,NULL,NULL,NULL,NULL,NULL,NULL
254,P2,Project2,2220,Senior management hired locally,Has the firm hired senior level positions from the local community?,Social,Social,Y/N,0,NULL,NULL,NULL,NULL,NULL,NULL,NULL,NULL,NULL,NULL,NULL,NULL
255,P2,Project2,2230,Community engagement statement or policy,"Does the firm have a community engagement statement or policy? 1.No 2.Yes, statement 3.Yes, policy",Social,Social,N/Y2/Y3,0,NULL,NULL,NULL,NULL,NULL,NULL,NULL,NULL,NULL,NULL,NULL,NULL
256,P2,Project2,1600,Community program management,Has the firm assigned a senior level position responsible for community programs?,Social,Social,Y/N,0,NULL,NULL,NULL,NULL,NULL,NULL,NULL,NULL,NULL,NULL,NULL,NULL
257,P2,Project2,1800,Community infrastructure programs,Does the firm invest or develop infrastructure within the communities that they operate in?,Social,Social,Y/N,0,NULL,NULL,NULL,NULL,NULL,NULL,NULL,NULL,NULL,NULL,NULL,NULL
258,P2,Project2,2240,Community engagement programs ,Does the firm have programs or initiatives that demonstrate engagement with communities affected by the firms' activites?,Social,Social,Y/N,0,NULL,NULL,NULL,NULL,NULL,NULL,NULL,NULL,NULL,NULL,NULL,NULL
259,P2,Project2,2260,Indigenous peoples engagement programs ,Does the firm have programs or initiatives that demonstrate engagement with indigenous peoples affected by the firms' activites?,Social,Social,Y/N,0,NULL,NULL,NULL,NULL,NULL,NULL,NULL,NULL,NULL,NULL,NULL,NULL
260,P2,Project2,2270,FPIC of indigenous peoples,"Does the firm work to obtain free, prior and informed consent (FPIC) of indigenous peoples?",Social,Social,Y/N,0,NULL,NULL,NULL,NULL,NULL,NULL,NULL,NULL,NULL,NULL,NULL,NULL
261,P2,Project2,37400,Community education programs,"Does the company support any specific community education programs that help address key social issues such as but not limited to literacy, numeracy, IT skills? 1.No 2.Yes, without KPIs 3.Yes, with KPIs ",Social,Social,N/Y2/Y3,0,NULL,NULL,NULL,NULL,NULL,NULL,NULL,NULL,NULL,NULL,NULL,NULL
262,P2,Project2,2250,Local purchasing,Does the firm report on local purchasing? 1.No 2.Yes without KPIs 3.Yes with KPIs,Social,Social,N/Y2/Y3,0,NULL,NULL,NULL,NULL,NULL,NULL,NULL,NULL,NULL,NULL,NULL,NULL
263,P2,Project2,2800,Employee compensation statement or policy,"Does the firm have a statement or policy on the fair compensation of its employees?  1.No 2.Yes, statement 3.Yes, policy",Social,Social,N/Y2/Y3,0,NULL,NULL,NULL,NULL,NULL,NULL,NULL,NULL,NULL,NULL,NULL,NULL
264,P2,Project2,2810,Executive bonus cap,Does the firm have a cap on executives' annual bonus? ,Social,Social,Y/N,0,NULL,NULL,NULL,NULL,NULL,NULL,NULL,NULL,NULL,NULL,NULL,NULL
265,P2,Project2,2820,Employee stock options,Does the firm provide stock options to it's non-executive employees?,Social,Social,Y/N,0,NULL,NULL,NULL,NULL,NULL,NULL,NULL,NULL,NULL,NULL,NULL,NULL
266,P2,Project2,2830,Employee ownership,Percentage of the firm that is employee owned,Social,Social,percentage,0,NULL,NULL,NULL,NULL,NULL,NULL,NULL,NULL,NULL,NULL,NULL,NULL
267,P2,Project2,2840,Senior management stock ownership,"What is the aggregate level of stock ownership of the non-executive officers, as a percentage of shares outstanding?",Social,Social,percentage,0,NULL,NULL,NULL,NULL,NULL,NULL,NULL,NULL,NULL,NULL,NULL,NULL
268,P2,Project2,3100,"Salaries, wages and benefits  ","Total amount spent on all salaries, wages paid, and benefits?",Social,Social,number (local currency),0,NULL,NULL,NULL,NULL,NULL,NULL,NULL,NULL,NULL,NULL,NULL,NULL
269,P2,Project2,2300,CEO salary,Total CEO base salary,Social,Social,number (reporting currency),0,NULL,NULL,NULL,NULL,NULL,NULL,NULL,NULL,NULL,NULL,NULL,NULL
270,P2,Project2,2310,Expenses for contracted work,Total expenses in monetary terms i.e. currency for contracted work done,Social,Social,number (reporting currency),0,NULL,NULL,NULL,NULL,NULL,NULL,NULL,NULL,NULL,NULL,NULL,NULL
271,P2,Project2,2330,Pension amount (Post-employment benefits),Total spent on post-contract benefits and other postcontract compensation,Social,Social,number (reporting currency),0,NULL,NULL,NULL,NULL,NULL,NULL,NULL,NULL,NULL,NULL,NULL,NULL
272,P2,Project2,2340,Share-based payment,Total share-based compensation ,Social,Social,number (reporting currency),0,NULL,NULL,NULL,NULL,NULL,NULL,NULL,NULL,NULL,NULL,NULL,NULL
273,P2,Project2,2350,Termination benefits,Total compensation relating to payments upon termination of employment,Social,Social,number (reporting currency),0,NULL,NULL,NULL,NULL,NULL,NULL,NULL,NULL,NULL,NULL,NULL,NULL
274,P2,Project2,2360,Key management compensation,Total compensation including salaries and bonuses for key management/director personnel expensed during the period,Social,Social,number (reporting currency),0,NULL,NULL,NULL,NULL,NULL,NULL,NULL,NULL,NULL,NULL,NULL,NULL
275,P2,Project2,2370,Long-term benefits,Total  long?term employee benefits,Social,Social,number (reporting currency),0,NULL,NULL,NULL,NULL,NULL,NULL,NULL,NULL,NULL,NULL,NULL,NULL
276,P2,Project2,2380,Highest paid executive salary (non-CEO) ,Total salary payments [including cash bonus but not stock] for the company's highest paid executive (excl. CEO),Social,Social,number (reporting currency),0,NULL,NULL,NULL,NULL,NULL,NULL,NULL,NULL,NULL,NULL,NULL,NULL
277,P2,Project2,2390,CEO additional compensation,Total CEO compensation excluding base salary,Social,Social,number (reporting currency),0,NULL,NULL,NULL,NULL,NULL,NULL,NULL,NULL,NULL,NULL,NULL,NULL
278,P2,Project2,3800,Employees earning minimum wage,Percentage of employees earning minimum wage,Social,Social,percentage,0,NULL,NULL,NULL,NULL,NULL,NULL,NULL,NULL,NULL,NULL,NULL,NULL
279,P2,Project2,4500,Executive director level remuneration,"Total remuneration, including salary and bonus, for executive director level positions",Social,Social,number (reporting currency),0,NULL,NULL,NULL,NULL,NULL,NULL,NULL,NULL,NULL,NULL,NULL,NULL
280,P2,Project2,4510,Non-executive director level remuneration,"Total remuneration, including salary and bonus, for non-executive director level positions",Social,Social,number (reporting currency),0,NULL,NULL,NULL,NULL,NULL,NULL,NULL,NULL,NULL,NULL,NULL,NULL
281,P2,Project2,4900,Total amount of bonuses,"Total amount of bonuses, incentives and stock options paid out in currency",Social,Social,number (reporting currency),0,NULL,NULL,NULL,NULL,NULL,NULL,NULL,NULL,NULL,NULL,NULL,NULL
282,P2,Project2,23300,Discrimination lawsuits or offences,"Has the firm been involved in any discrimination related lawsuits or offenses investigated by a judicial/regulatory process? 1.No 2.Yes, reported externally (NGO,  judicial/regulatory body) 3.Yes, reported by company",Social,Social,N/Y2/Y3,0,NULL,NULL,NULL,NULL,NULL,NULL,NULL,NULL,NULL,NULL,NULL,NULL
283,P2,Project2,23400,Employs individuals who are differently abled,Does the firm employ individuals who are differently abled?,Social,Social,Y/N,0,NULL,NULL,NULL,NULL,NULL,NULL,NULL,NULL,NULL,NULL,NULL,NULL
284,P2,Project2,4930,Mean gender bonus gap,The percentage difference between the average bonus paid to male executive employees and the average bonus paid to female executive employees,Social,Social,percentage,0,NULL,NULL,NULL,NULL,NULL,NULL,NULL,NULL,NULL,NULL,NULL,NULL
285,P2,Project2,4970,Gender pay gap,The percentage difference between the average salary paid to male employees and the average salary paid to female employees,Social,Social,percentage,0,NULL,NULL,NULL,NULL,NULL,NULL,NULL,NULL,NULL,NULL,NULL,NULL
286,P2,Project2,4990,Highest paid executive breakdown (gender),"Of the firm's three highest paid executives, how many are female, identify as female, are transgender or non-binary?",Social,Social,number,0,NULL,NULL,NULL,NULL,NULL,NULL,NULL,NULL,NULL,NULL,NULL,NULL
287,P2,Project2,5010,Highest paid executive breakdown (minority),"Of the firm's three highest paid executives, how many are a minority?",Social,Social,number,0,NULL,NULL,NULL,NULL,NULL,NULL,NULL,NULL,NULL,NULL,NULL,NULL
288,P2,Project2,9700,Board diversity statement or policy,"Does the firm have a statement or policy that promotes board diversity?  1.No 2.Yes, statement 3.Yes, policy",Social,Social,N/Y2/Y3,0,NULL,NULL,NULL,NULL,NULL,NULL,NULL,NULL,NULL,NULL,NULL,NULL
289,P2,Project2,23700,Minorities on the board,Percentage of minorities on the board,Social,Social,percentage,0,NULL,NULL,NULL,NULL,NULL,NULL,NULL,NULL,NULL,NULL,NULL,NULL
290,P2,Project2,23900,Females on the board,"Percentage of females, or individuals who identify as female, on the board",Social,Social,percentage,0,NULL,NULL,NULL,NULL,NULL,NULL,NULL,NULL,NULL,NULL,NULL,NULL
291,P2,Project2,23500,Equal opportunity and diversity statement or policy,"Does the firm have a statement or policy to promote equal opportunity and diversity? 1.No 2.Yes, statement 3.Yes, policy",Social,Social,N/Y2/Y3,0,NULL,NULL,NULL,NULL,NULL,NULL,NULL,NULL,NULL,NULL,NULL,NULL
292,P2,Project2,23510,Diversity training,"Does the firm offer diversity training? 1.No 2.Yes, within the firm 3.Yes, within the supply chain, 4.Yes, within the firm and supply chain",Social,Social,N/Y2/Y3/Y4,0,NULL,NULL,NULL,NULL,NULL,NULL,NULL,NULL,NULL,NULL,NULL,NULL
293,P2,Project2,23520,Unsolicited applications,Does the firm have a statement specifying that it does not accept unsolicited applicants?,Social,Social,Y/N,0,NULL,NULL,NULL,NULL,NULL,NULL,NULL,NULL,NULL,NULL,NULL,NULL
294,P2,Project2,23600,Equal opportunity and diversity targets,"Does the firm have specific targets to improve equal opportunity and diversity?  1.No 2.Yes, without KPIs 3.Yes, with KPIs ",Social,Social,N/Y2/Y3,0,NULL,NULL,NULL,NULL,NULL,NULL,NULL,NULL,NULL,NULL,NULL,NULL
295,P2,Project2,23620,Reserve service and veterans,"Does the company have a specific objective to increase the number of military veterans hired into the workplace? 1.No 2.Yes, without KPIs 3.Yes, with KPIs",Social,Social,N/Y2/Y3,0,NULL,NULL,NULL,NULL,NULL,NULL,NULL,NULL,NULL,NULL,NULL,NULL
296,P2,Project2,23630,LGBTQIA+ support,"Does the firm have any programs or initiatives in support of LGBTQIA+ rights?  1.No 2.Yes, without KPIs 3.Yes, with KPIs ",Social,Social,N/Y2/Y3,0,NULL,NULL,NULL,NULL,NULL,NULL,NULL,NULL,NULL,NULL,NULL,NULL
297,P2,Project2,23640,Refugee support,"Does the firm have any programs or initiatives in support of refugees? 1.No 2.Yes, without KPIs 3.Yes, with KPIs ",Social,Social,N/Y2/Y3,0,NULL,NULL,NULL,NULL,NULL,NULL,NULL,NULL,NULL,NULL,NULL,NULL
298,P2,Project2,23650,Paid Internships,Does the firm offer paid internships?,Social,Social,Y/N,0,NULL,NULL,NULL,NULL,NULL,NULL,NULL,NULL,NULL,NULL,NULL,NULL
299,P2,Project2,23910,Maturity of workforce disclosure,Does the firm disclose quantitative information on the age structure/distribution?,Social,Social,number,0,NULL,NULL,NULL,NULL,NULL,NULL,NULL,NULL,NULL,NULL,NULL,NULL
300,P2,Project2,23610,Gender and ethnic minority dislcosure,Does the company disclose quantitative information on gender or ethinic minority employment?,Social,Social,Y/N,0,NULL,NULL,NULL,NULL,NULL,NULL,NULL,NULL,NULL,NULL,NULL,NULL
301,P2,Project2,23200,Females in management level positions,"Percentage of females, or individuals who identify as female, employed by the company in management roles where they have direct line reports",Social,Social,percentage,0,NULL,NULL,NULL,NULL,NULL,NULL,NULL,NULL,NULL,NULL,NULL,NULL
302,P2,Project2,23210,Ethnic minorities in management level positions,Percentage of ethnic minority individuals employed by the company in management level positions ,Social,Social,percentage,0,NULL,NULL,NULL,NULL,NULL,NULL,NULL,NULL,NULL,NULL,NULL,NULL
303,P2,Project2,23810,Female employees,"Percentage of females, or individuals who identify as female, employed by the company in either full time, part time, zero hours, intern or contractor roles [where the contractor functions as an FTE]",Social,Social,percentage,0,NULL,NULL,NULL,NULL,NULL,NULL,NULL,NULL,NULL,NULL,NULL,NULL
304,P2,Project2,23820,Ethnic minority employees,Percentage of ethnic minority individuals employed by the company,Social,Social,percentage,0,NULL,NULL,NULL,NULL,NULL,NULL,NULL,NULL,NULL,NULL,NULL,NULL
305,P2,Project2,24000,Supplier diversity criteria integration,Does the firm consider diversity or equal opportunites when selecting suppliers or sourcing partners?,Social,Social,Y/N,0,NULL,NULL,NULL,NULL,NULL,NULL,NULL,NULL,NULL,NULL,NULL,NULL
306,P2,Project2,1400,Employee volunteering hours ,Total number of volunteering hours,Social,Social,number (hours),0,NULL,NULL,NULL,NULL,NULL,NULL,NULL,NULL,NULL,NULL,NULL,NULL
307,P2,Project2,32900,Employee turnover disclosure,"Does the company report publicly on redundancy and retention? 1.No 2.Yes, without KPIs 3.Yes, with KPIs",Social,Social,N/Y2/Y3,0,NULL,NULL,NULL,NULL,NULL,NULL,NULL,NULL,NULL,NULL,NULL,NULL
308,P2,Project2,33100,Departure of executive management,Has a member of executive management left the firm for reasons other than retirement?,Social,Social,Y/N,0,NULL,NULL,NULL,NULL,NULL,NULL,NULL,NULL,NULL,NULL,NULL,NULL
309,P2,Project2,33400,Employee turnover rate,Percentage of employees who have departed within the last year,Social,Social,percentage,0,NULL,NULL,NULL,NULL,NULL,NULL,NULL,NULL,NULL,NULL,NULL,NULL
310,P2,Project2,33000,Business disruption from strikes,Has the firm experienced any business disruption as a result of industrial dispute or stike action?,Social,Social,Y/N,0,NULL,NULL,NULL,NULL,NULL,NULL,NULL,NULL,NULL,NULL,NULL,NULL
311,P2,Project2,33020,Working days lost from strikes,Number of working days disrupted due to strike action or disputes?,Social,Social,number (days),0,NULL,NULL,NULL,NULL,NULL,NULL,NULL,NULL,NULL,NULL,NULL,NULL
312,P2,Project2,33300,Employee satisfaction survey,"Does the firm conduct surveys to measure employees' satisfaction relating to their job role, work environment and management quality?",Social,Social,Y/N,0,NULL,NULL,NULL,NULL,NULL,NULL,NULL,NULL,NULL,NULL,NULL,NULL
313,P2,Project2,33700,Work-life balance statement or policy,"Does the firm have work-life balance statement or policy? 1.No 2.Yes, statement 3.Yes, policy",Social,Social,N/Y2/Y3,0,NULL,NULL,NULL,NULL,NULL,NULL,NULL,NULL,NULL,NULL,NULL,NULL
314,P2,Project2,33200,Employee day care services,Does the firm provide its employees with day care services?,Social,Social,Y/N,0,NULL,NULL,NULL,NULL,NULL,NULL,NULL,NULL,NULL,NULL,NULL,NULL
315,P2,Project2,33500,Flexible work arrangements,Does the firm provide employees with flexible work arrangements?,Social,Social,Y/N,0,NULL,NULL,NULL,NULL,NULL,NULL,NULL,NULL,NULL,NULL,NULL,NULL
316,P2,Project2,33710,Parental leave,"Does the firm provide paid parental leave? 1. No, 2. Yes - without KPIs, 3. Yes - with KPIs",Social,Social,N/Y2/Y3,0,NULL,NULL,NULL,NULL,NULL,NULL,NULL,NULL,NULL,NULL,NULL,NULL
317,P2,Project2,4700,Retention rate after parental leave,Retention rate of employees that took parental leave,Social,Social,percentage,0,NULL,NULL,NULL,NULL,NULL,NULL,NULL,NULL,NULL,NULL,NULL,NULL
318,P2,Project2,33720,Paternity leave weeks,Total number of weeks offered by employer [groupwide] for paid paternity leave,Social,Social,number,0,NULL,NULL,NULL,NULL,NULL,NULL,NULL,NULL,NULL,NULL,NULL,NULL
319,P2,Project2,33730,Maternity leave weeks,Total number of weeks offered by employer [groupwide] for paid maternity  leave,Social,Social,number,0,NULL,NULL,NULL,NULL,NULL,NULL,NULL,NULL,NULL,NULL,NULL,NULL
320,P2,Project2,40210,Employee benefits,Does the company offer employee benefits?,Social,Social,Y/N,0,NULL,NULL,NULL,NULL,NULL,NULL,NULL,NULL,NULL,NULL,NULL,NULL
321,P2,Project2,33800,Voluntary Principles on Security and Human Rights,Does the firm follow the guidelines of the Voluntary Principles on Security and Human Rights?,Social,Social,Y/N,0,NULL,NULL,NULL,NULL,NULL,NULL,NULL,NULL,NULL,NULL,NULL,NULL
322,P2,Project2,33810,UN Guiding Principles on Business and Human Rights,Does the firm follow the UN Guiding Principles on Business and Human Rights?,Social,Social,Y/N,0,NULL,NULL,NULL,NULL,NULL,NULL,NULL,NULL,NULL,NULL,NULL,NULL
323,P2,Project2,33900,Human rights statement or policy,"Does the firm have a universal statement or policy on human rights? 1.No 2.Yes, statement 3.Yes, policy",Social,Social,N/Y2/Y3,0,NULL,NULL,NULL,NULL,NULL,NULL,NULL,NULL,NULL,NULL,NULL,NULL
324,P2,Project2,33920,Human rights project financing,Does the firm consider human rights factors within its project financing decisions?,Social,Social,Y/N,0,NULL,NULL,NULL,NULL,NULL,NULL,NULL,NULL,NULL,NULL,NULL,NULL
325,P2,Project2,34200,Human rights monitoring ,"Does the firm monitor human rights in its operations and/or supply chain? 1. No, 2. Yes - without KPIs, 3. Yes - with KPIs",Social,Social,N/Y2/Y3,0,NULL,NULL,NULL,NULL,NULL,NULL,NULL,NULL,NULL,NULL,NULL,NULL
326,P2,Project2,34300,Human rights training,"Does the firm provide its employees with human rights training? 1. No, 2. Yes - without KPIs, 3. Yes - with KPIs",Social,Social,N/Y2/Y3,0,NULL,NULL,NULL,NULL,NULL,NULL,NULL,NULL,NULL,NULL,NULL,NULL
327,P2,Project2,34330,Human rights inspections or audit results,Does the firm disclose the results of external human rights inspections or audits?,Social,Social,Y/N,0,NULL,NULL,NULL,NULL,NULL,NULL,NULL,NULL,NULL,NULL,NULL,NULL
328,P2,Project2,34400,Supplier human rights criteria integration,Does the firm use human rights criteria when selecting its suppliers or sourcing partners?,Social,Social,Y/N,0,NULL,NULL,NULL,NULL,NULL,NULL,NULL,NULL,NULL,NULL,NULL,NULL
329,P2,Project2,34500,Supplier human rights negligence,Does the firm end supplier relationships based on the partner's violation of human rights criteria?,Social,Social,Y/N,0,NULL,NULL,NULL,NULL,NULL,NULL,NULL,NULL,NULL,NULL,NULL,NULL
330,P2,Project2,34600,Universal Declaration of Human Rights guidelines,Does the firm abide by the main guidelines of the Universal Declaration of Human Rights?,Social,Social,Y/N,0,NULL,NULL,NULL,NULL,NULL,NULL,NULL,NULL,NULL,NULL,NULL,NULL
331,P2,Project2,34610,Human rights collaborations,Does the firm collaborate with specialised partner organisations on positive human rights initiatives?,Social,Social,Y/N,0,NULL,NULL,NULL,NULL,NULL,NULL,NULL,NULL,NULL,NULL,NULL,NULL
332,P2,Project2,34620,Labour rights statement or policy,"Does the firm have a universal statement or policy on labour rights? 1.No 2.Yes, statement 3.Yes, policy",Social,Social,N/Y2/Y3,0,NULL,NULL,NULL,NULL,NULL,NULL,NULL,NULL,NULL,NULL,NULL,NULL
333,P2,Project2,34710,ILO Labour Standards,Does the firm follow the guidelines of the International Labour Organization's (ILO) International Labour Standards?,Social,Social,Y/N,0,NULL,NULL,NULL,NULL,NULL,NULL,NULL,NULL,NULL,NULL,NULL,NULL
334,P2,Project2,34740,Violence or harassment lawsuits or offenses,"Has the firm been involved in any violence or harassment related lawsuits or offenses investigated by a judicial/regulatory process? 1.No 2.Yes, reported externally (NGO,  judicial/regulatory body) 3.Yes, reported by company",Social,Social,N/Y2/Y3,0,NULL,NULL,NULL,NULL,NULL,NULL,NULL,NULL,NULL,NULL,NULL,NULL
335,P2,Project2,34800,Child labour statement or policy,"Does the firm have a statement or policy to avoid using child labour?  1.No 2.Yes, statement 3.Yes, policy",Social,Social,N/Y2/Y3,0,NULL,NULL,NULL,NULL,NULL,NULL,NULL,NULL,NULL,NULL,NULL,NULL
336,P2,Project2,34900,Employee freedom of association statement or policy,"Does the firm have a statement or policy to ensure employees' rights to freedom of association and/or collective bargaining?  1.No 2.Yes, statement 3.Yes, policy",Social,Social,N/Y2/Y3,0,NULL,NULL,NULL,NULL,NULL,NULL,NULL,NULL,NULL,NULL,NULL,NULL
337,P2,Project2,35000,Forced labour statement or policy,"Does the firm have a statement or policy to avoid using forced or compulsory labour?  1.No 2.Yes, statement 3.Yes, policy",Social,Social,N/Y2/Y3,0,NULL,NULL,NULL,NULL,NULL,NULL,NULL,NULL,NULL,NULL,NULL,NULL
338,P2,Project2,35010,Modern Slavery Act statement,Does the firm have a statement on the Modern Slavery Act or equivalent legislation for its jurisdiction?,Social,Social,Y/N,0,NULL,NULL,NULL,NULL,NULL,NULL,NULL,NULL,NULL,NULL,NULL,NULL
339,P2,Project2,34720,Labour rights data disclosure,Does the firm disclose quantitative labour rights data?,Social,Social,Y/N,0,NULL,NULL,NULL,NULL,NULL,NULL,NULL,NULL,NULL,NULL,NULL,NULL
340,P2,Project2,34730,Supplier code of conduct,Does the firm have a supplier code of conduct?,Social,Social,Y/N,0,NULL,NULL,NULL,NULL,NULL,NULL,NULL,NULL,NULL,NULL,NULL,NULL
341,P2,Project2,35200,Supplier code of conduct training,"Does the firm provide training on its supplier Code of Conduct?  1. No, 2. Yes - without KPIs, 3. Yes - with KPIs",Social,Social,N/Y2/Y3,0,NULL,NULL,NULL,NULL,NULL,NULL,NULL,NULL,NULL,NULL,NULL,NULL
342,P2,Project2,35400,Supplier inspections or audit results,Does the firm disclose the results of external supplier inspections or audits?,Social,Social,Y/N,0,NULL,NULL,NULL,NULL,NULL,NULL,NULL,NULL,NULL,NULL,NULL,NULL
343,P2,Project2,35500,Supplier monitoring,"Does the firm monitor labour rights within its supply chain?  1. No, 2. Yes - without KPIs, 3. Yes - with KPIs",Social,Social,N/Y2/Y3,0,NULL,NULL,NULL,NULL,NULL,NULL,NULL,NULL,NULL,NULL,NULL,NULL
344,P2,Project2,35600,Supply chain lawsuits or offenses,"Has the firm been involved in any supply chain related lawsuits or offenses investigated by a judicial/regulatory process? 1.No 2.Yes, reported externally (NGO,  judicial/regulatory body) 3.Yes, reported by company",Social,Social,N/Y2/Y3,0,NULL,NULL,NULL,NULL,NULL,NULL,NULL,NULL,NULL,NULL,NULL,NULL
345,P2,Project2,35620,Supply chain transparency,"Does the firm provide transparency and/or traceability on its supply chain?  1. No, 2. Yes - without KPIs, 3. Yes - with KPIs",Social,Social,N/Y2/Y3,0,NULL,NULL,NULL,NULL,NULL,NULL,NULL,NULL,NULL,NULL,NULL,NULL
346,P2,Project2,35610,Industry organisation membership (labour rights),"Is the firm or its suppliers a member of an industry organisation that addresses labour rights issues? 1.No, 2. Yes - uncertified, 3. Yes - certified",Social,Social,N/Y2/Y3,0,NULL,NULL,NULL,NULL,NULL,NULL,NULL,NULL,NULL,NULL,NULL,NULL
347,P2,Project2,38400,Fair trade products,"Does the firm offer or source Fair Trade certified products? 1. No, 2. Yes - without KPIs, 3. Yes - with KPIs",Social,Social,N/Y2/Y3,0,NULL,NULL,NULL,NULL,NULL,NULL,NULL,NULL,NULL,NULL,NULL,NULL
348,P2,Project2,35800,Number of Employees,Number of employees as reported by the company in company reports,Social,Social,number,0,NULL,NULL,NULL,NULL,NULL,NULL,NULL,NULL,NULL,NULL,NULL,NULL
349,P2,Project2,35810,Number of Employees in managerial poisitions,Number of employees in managerial positions as reported by the company in company reports,Social,Social,number,0,NULL,NULL,NULL,NULL,NULL,NULL,NULL,NULL,NULL,NULL,NULL,NULL
350,P2,Project2,36600,Health and safety lawsuits,"Has the firm been involved in any health or safety related lawsuits or offenses investigated by a judicial/regulatory process? 1.No 2.Yes, reported externally (NGO,  judicial/regulatory body) 3.Yes, reported by company",Social,Social,N/Y2/Y3,0,NULL,NULL,NULL,NULL,NULL,NULL,NULL,NULL,NULL,NULL,NULL,NULL
351,P2,Project2,36100,Working days lost,"Total days lost to absenteeism from either full time, part time, zero hours, interns or FTE allocated but externally contracted roles.",Social,Social,number (days),0,NULL,NULL,NULL,NULL,NULL,NULL,NULL,NULL,NULL,NULL,NULL,NULL
352,P2,Project2,36120,Injury rate,What is the number of injuries relative to one million working hours?,Social,Social,number (days),0,NULL,NULL,NULL,NULL,NULL,NULL,NULL,NULL,NULL,NULL,NULL,NULL
353,P2,Project2,36130,Supply chain safety training,Does the firm provide safety training to suppliers or other workers?,Social,Social,Y/N,0,NULL,NULL,NULL,NULL,NULL,NULL,NULL,NULL,NULL,NULL,NULL,NULL
354,P2,Project2,36300,Health and safety statement or policy,"Does the firm have a policy or statement to improve the health and safety of its employees?  1.No 2.Yes, statement 3.Yes, policy",Social,Social,N/Y2/Y3,0,NULL,NULL,NULL,NULL,NULL,NULL,NULL,NULL,NULL,NULL,NULL,NULL
355,P2,Project2,35900,Health and safety certifications,Does the firm have third party health and safety certifications?,Social,Social,Y/N,0,NULL,NULL,NULL,NULL,NULL,NULL,NULL,NULL,NULL,NULL,NULL,NULL
356,P2,Project2,36410,"Health, safety, and emergency response training","Average hours of health, safety, and emergency response training for full-time employees and contract employees",Social,Social,number (hours),0,NULL,NULL,NULL,NULL,NULL,NULL,NULL,NULL,NULL,NULL,NULL,NULL
357,P2,Project2,36500,Health and safety incident reduction,"Does the firm have programs and targets set to reduce the number of health and safety issues? 1. No, 2. Yes - without KPIs, 3. Yes - with KPIs",Social,Social,N/Y2/Y3,0,NULL,NULL,NULL,NULL,NULL,NULL,NULL,NULL,NULL,NULL,NULL,NULL
358,P2,Project2,36000,Healthcare coverage,Does the company provide healthcare insurance cover or onsite/nearsite facilities for employees either as a discounted employee option or a company funded benefit 1.No  2.For some employees  3.For all employees,Social,Social,N/Y2/Y3,0,NULL,NULL,NULL,NULL,NULL,NULL,NULL,NULL,NULL,NULL,NULL,NULL
359,P2,Project2,36110,Number of fatalities,Total employee workplace fatalities including coroner 'work' attributed suicides,Social,Social,number,0,NULL,NULL,NULL,NULL,NULL,NULL,NULL,NULL,NULL,NULL,NULL,NULL
360,P2,Project2,36900,Supply chain health and safety,"Does the firm state that it strives to improve the health and safety of its suppliers' employees? 1. No, 2. Yes - without KPIs, 3. Yes - with KPIs",Social,Social,N/Y2/Y3,0,NULL,NULL,NULL,NULL,NULL,NULL,NULL,NULL,NULL,NULL,NULL,NULL
361,P2,Project2,37410,Philanthropy and accessibility,Does the firm provide charitable donations or product/service accessibility initiatives?,Social,Social,Y/N,0,NULL,NULL,NULL,NULL,NULL,NULL,NULL,NULL,NULL,NULL,NULL,NULL
362,P2,Project2,37010,Micro loans,Total amount provided for micro loans,Social,Social,number (reporting currency),0,NULL,NULL,NULL,NULL,NULL,NULL,NULL,NULL,NULL,NULL,NULL,NULL
363,P2,Project2,37420,Access to education,"Does the firm have any programs or initialtives to facilitate access to education? 1.No 2.Yes, without KPIs 3.Yes, with KPIs ",Social,Social,N/Y2/Y3,0,NULL,NULL,NULL,NULL,NULL,NULL,NULL,NULL,NULL,NULL,NULL,NULL
364,P2,Project2,36400,Employee safety training,Does the firm provide safety training to employees?,Social,Social,Y/N,0,NULL,NULL,NULL,NULL,NULL,NULL,NULL,NULL,NULL,NULL,NULL,NULL
365,P2,Project2,37500,Community food support ,"Does the company provide food support into communities including but not limited to: food banks, cultivation programs, agri engineering services. 1.No 2.Yes, without KPIs 3.Yes, with KPIs ",Social,Social,N/Y2/Y3,0,NULL,NULL,NULL,NULL,NULL,NULL,NULL,NULL,NULL,NULL,NULL,NULL
366,P2,Project2,37510,Access to WASH-services,"Does the firm have any programs or initiatives to facilitate access to WASH-services? 1.No 2.Yes, without KPIs 3.Yes, with KPIs ",Social,Social,N/Y2/Y3,0,NULL,NULL,NULL,NULL,NULL,NULL,NULL,NULL,NULL,NULL,NULL,NULL
367,P2,Project2,36700,HIV/AIDS Program,Are employees eligible for free specialist HIV/AIDs care? 1.No  2.For some employees  3.For all employees,Social,Social,N/Y2/Y3,0,NULL,NULL,NULL,NULL,NULL,NULL,NULL,NULL,NULL,NULL,NULL,NULL
368,P2,Project2,37100,Low cost medicine accessibility,"Does the company provide low cost or zero costs access to medicines for communities who are unable to afford basic resources to sustain and improve life? 1.No 2.Yes, without KPIs 3.Yes, with KPIs ",Social,Social,N/Y2/Y3,0,NULL,NULL,NULL,NULL,NULL,NULL,NULL,NULL,NULL,NULL,NULL,NULL
369,P2,Project2,37000,Financial inclusion,"Does the firm have any programs or initiatives to facilitate financial inclusion? 1.No 2.Yes, without KPIs 3.Yes, with KPIs ",Social,Social,N/Y2/Y3,0,NULL,NULL,NULL,NULL,NULL,NULL,NULL,NULL,NULL,NULL,NULL,NULL
370,P2,Project2,37300,Diseases in developing countries,"Does the firm perform research and development or provide medicine for neglected diseases and/or those present in developing countries?  1.No 2.Yes, without KPIs 3.Yes, with KPIs ",Social,Social,N/Y2/Y3,0,NULL,NULL,NULL,NULL,NULL,NULL,NULL,NULL,NULL,NULL,NULL,NULL
371,P2,Project2,37710,Healthcare accessibility expenditures,Total amount spent on healthcare accessibility initiatives,Social,Social,number (reporting currency),0,NULL,NULL,NULL,NULL,NULL,NULL,NULL,NULL,NULL,NULL,NULL,NULL
372,P2,Project2,37810,Access to Medicine Index,Is the firm included in the Access to Medicine Index?,Social,Social,Y/N,0,NULL,NULL,NULL,NULL,NULL,NULL,NULL,NULL,NULL,NULL,NULL,NULL
373,P2,Project2,2210,Product quality and safety statement or policy,"Does the firm have a statement or policy to commit to product quality and/or safety?  1.No 2.Yes, statement 3.Yes, policy",Social,Social,N/Y2/Y3,0,NULL,NULL,NULL,NULL,NULL,NULL,NULL,NULL,NULL,NULL,NULL,NULL
374,P2,Project2,37600,Access to housing,"Does the firm have any programs or initiatives to facilitate access to housing? 1.No 2.Yes, without KPIs 3.Yes, with KPIs ",Social,Social,N/Y2/Y3,0,NULL,NULL,NULL,NULL,NULL,NULL,NULL,NULL,NULL,NULL,NULL,NULL
375,P2,Project2,37700,Access to healthcare,"Does the firm have any programs or initiatives to facilitate access to healthcare? 1.No 2.Yes, without KPIs 3.Yes, with KPIs ",Social,Social,N/Y2/Y3,0,NULL,NULL,NULL,NULL,NULL,NULL,NULL,NULL,NULL,NULL,NULL,NULL
376,P2,Project2,39800,Product health and safety benefits ,"Does the company market any products through which their utility foster specific health and safety benefits for the consumers including but not limited to organic, gluten free, low sugar, low fat, social media control? 1.No  2.Yes, in some countries  3.Yes, in all countries",Social,Social,N/Y2/Y3,0,NULL,NULL,NULL,NULL,NULL,NULL,NULL,NULL,NULL,NULL,NULL,NULL
377,P2,Project2,38060,Product related customer injury disclosure,"Does the firm report on customer injuries or fatalities associated with its products or services?  1.No 2.Yes, without KPIs 3.Yes, with KPIs ",Social,Social,N/Y2/Y3,0,NULL,NULL,NULL,NULL,NULL,NULL,NULL,NULL,NULL,NULL,NULL,NULL
378,P2,Project2,38070,New Car Assessment Programme (NCAP) Ratings for product fleet,"Average New Car Assessment Programme (NCAP) rating for product fleet according to US-NCAP, Euro-NCAP or JNCAP or equivalent NCAP methods.",Social,Social,number,0,NULL,NULL,NULL,NULL,NULL,NULL,NULL,NULL,NULL,NULL,NULL,NULL
379,P2,Project2,37800,Low-priced products/services,"Does the company distribute any low-priced products or services specifically designed for BoP [bottom of pyramid] lower income communities to help improve their lives and livelihoods including but not limited to energy, sanitation, housing and health? 1.No 2.Yes, without KPIs 3.Yes, with KPIs ",Social,Social,N/Y2/Y3,0,NULL,NULL,NULL,NULL,NULL,NULL,NULL,NULL,NULL,NULL,NULL,NULL
380,P2,Project2,39500,Responsible marketing/product labelling,Does the firm state that it has responsible marketing practices and/or transparent product labelling?,Social,Social,Y/N,0,NULL,NULL,NULL,NULL,NULL,NULL,NULL,NULL,NULL,NULL,NULL,NULL
381,P2,Project2,37900,Chemical composition disclosure,"Does the company declare the chemical composition of its products either on its labelling or on its website 1.No 2.Yes, some products 3.Yes, all products",Social,Social,N/Y2/Y3,0,NULL,NULL,NULL,NULL,NULL,NULL,NULL,NULL,NULL,NULL,NULL,NULL
382,P2,Project2,39540,Average age of fleet,Average age of fleet in years,Social,Social,number,0,NULL,NULL,NULL,NULL,NULL,NULL,NULL,NULL,NULL,NULL,NULL,NULL
383,P2,Project2,39560,Customer service disruption,"Does the company report on unplanned service disruptions?  1.No 2.Yes, without KPIs 3.Yes, with KPIs ",Social,Social,N/Y2/Y3,0,NULL,NULL,NULL,NULL,NULL,NULL,NULL,NULL,NULL,NULL,NULL,NULL
384,P2,Project2,38000,Product withdrawal or recall,"Has the firm withdrawn, or announced a recall of, a product due to product quality or safety issues?",Social,Social,Y/N,0,NULL,NULL,NULL,NULL,NULL,NULL,NULL,NULL,NULL,NULL,NULL,NULL
385,P2,Project2,38010,Product/service recalls and cases of non-compliance,Total number of product/service recalls or cases of non-compliance with regulations and/or voluntary codes,Social,Social,number,0,NULL,NULL,NULL,NULL,NULL,NULL,NULL,NULL,NULL,NULL,NULL,NULL
386,P2,Project2,38100,FDA Warning Letters,What is the number of FDA Warning Letters the firm has received since the last fiscal year update?,Social,Social,number,0,NULL,NULL,NULL,NULL,NULL,NULL,NULL,NULL,NULL,NULL,NULL,NULL
387,P2,Project2,38800,Customer satisfaction measurement,"Does the firm measure customer satisfaction?  1.No 2.Yes, without KPIs 3.Yes, with KPIs ",Social,Social,N/Y2/Y3,0,NULL,NULL,NULL,NULL,NULL,NULL,NULL,NULL,NULL,NULL,NULL,NULL
388,P2,Project2,38300,Proportion of satisfied customers,Percentage of satisfied clients as reported and published by the company,Social,Social,percentage,0,NULL,NULL,NULL,NULL,NULL,NULL,NULL,NULL,NULL,NULL,NULL,NULL
389,P2,Project2,38700,Customer related lawsuits or offences ,"Has the firm been involved in any customer related lawsuits or offenses investigated by a judicial/regulatory process? 1.No 2.Yes, reported externally (NGO,  judicial/regulatory body) 3.Yes, reported by company",Social,Social,N/Y2/Y3,0,NULL,NULL,NULL,NULL,NULL,NULL,NULL,NULL,NULL,NULL,NULL,NULL
390,P2,Project2,39100,Product impact monitoring,"Does the firm discuss or monitor the impact that its products and services have on consumers?  1.No 2.Yes, without KPIs 3.Yes, with KPIs ",Social,Social,N/Y2/Y3,0,NULL,NULL,NULL,NULL,NULL,NULL,NULL,NULL,NULL,NULL,NULL,NULL
391,P2,Project2,39400,Quality principles,Does the firm apply quality management systems or frameworks? ,Social,Social,Y/N,0,NULL,NULL,NULL,NULL,NULL,NULL,NULL,NULL,NULL,NULL,NULL,NULL
392,P2,Project2,39200,Quality management system certification,Does the firm have an industry specific quality management system certification or an ISO 9000 certification?  1.No 2.Yes without KPIs 3.Yes with KPI's,Social,Social,N/Y2/Y3,0,NULL,NULL,NULL,NULL,NULL,NULL,NULL,NULL,NULL,NULL,NULL,NULL
393,P2,Project2,39210,Proportion of facilities certified,Percentage of total facilities certified according to ISO 9000 series OR SA 8000 OR OHSAS 18001/ISO 45001 standards,Social,Social,percentage,0,NULL,NULL,NULL,NULL,NULL,NULL,NULL,NULL,NULL,NULL,NULL,NULL
394,P2,Project2,39300,Quality management system certification across all sites (ISO),"Does the firm have ISO 9001, 9004, or 19011 quality management system certification across all sites? ",Social,Social,Y/N,0,NULL,NULL,NULL,NULL,NULL,NULL,NULL,NULL,NULL,NULL,NULL,NULL
395,P2,Project2,39600,Stakeholder privacy protection statement or policy,"Does the firm have a statement or policy to protect the privacy of consumers and the general public? 1.No 2.Yes, statement 3.Yes, policy",Social,Social,N/Y2/Y3,0,NULL,NULL,NULL,NULL,NULL,NULL,NULL,NULL,NULL,NULL,NULL,NULL
396,P2,Project2,38500,Customer data protection,"Does the firm state that it will not provide customer data to third parties? 1.No 2.Yes, unless consent is given 3.Yes, never",Social,Social,N/Y2/Y3,0,NULL,NULL,NULL,NULL,NULL,NULL,NULL,NULL,NULL,NULL,NULL,NULL
397,P2,Project2,38910,Customer data breaches,"Has the company been involved in any data breaches involving customer data? 1.No 2.Yes, reported externally (NGO,  judicial/regulatory body) 3.Yes, reported by company",Social,Social,N/Y2/Y3,0,NULL,NULL,NULL,NULL,NULL,NULL,NULL,NULL,NULL,NULL,NULL,NULL
398,P2,Project2,38920,Complaints regarding customer privacy,Total number of substantiated complaints received concerning breaches of customer privacy,Social,Social,number,0,NULL,NULL,NULL,NULL,NULL,NULL,NULL,NULL,NULL,NULL,NULL,NULL
399,P2,Project2,40400,Employee skills development statement or policy,"Does the firm have a statement or policy to develop its employees' skills? 1.No 2.Yes, statement 3.Yes, policy",Social,Social,N/Y2/Y3,0,NULL,NULL,NULL,NULL,NULL,NULL,NULL,NULL,NULL,NULL,NULL,NULL
400,P2,Project2,40000,Employee career development ,"Does the company provide a career development path for employees 1.No 2.Yes, but not as a matter of policy 3.Yes, as a matter of HR policy",Social,Social,N/Y2/Y3,0,NULL,NULL,NULL,NULL,NULL,NULL,NULL,NULL,NULL,NULL,NULL,NULL
401,P2,Project2,40100,Management professional development,"Does the company provide training for employees who become managers and continuous professional development for managers 1.No 2.Yes, but not as a matter of policy 3.Yes, as a matter of HR policy",Social,Social,N/Y2/Y3,0,NULL,NULL,NULL,NULL,NULL,NULL,NULL,NULL,NULL,NULL,NULL,NULL
402,P2,Project2,40300,Internal company promotions/Internal Job postings (IJP),"Does the company look to promote from within in the first instance 1.No 2.Yes, but not as a matter of policy 3.Yes, as a matter of HR policy",Social,Social,N/Y2/Y3,0,NULL,NULL,NULL,NULL,NULL,NULL,NULL,NULL,NULL,NULL,NULL,NULL
403,P2,Project2,40530,Proportion of employees with performance/career development reviews,Percentage of total employees who received a regular performance and/or career development review,Social,Social,percentage,0,NULL,NULL,NULL,NULL,NULL,NULL,NULL,NULL,NULL,NULL,NULL,NULL
404,P2,Project2,40500,Employee training disclosure,Does the company disclose quantitative employee training data (number of employees or hours trained)?,Social,Social,Y/N,0,NULL,NULL,NULL,NULL,NULL,NULL,NULL,NULL,NULL,NULL,NULL,NULL
405,P2,Project2,40200,Average hours of training per year per employee,Average hours of training that the organization's employees have undertaken during the reporting period,Social,Social,number (hours),0,NULL,NULL,NULL,NULL,NULL,NULL,NULL,NULL,NULL,NULL,NULL,NULL
406,P2,Project2,40510,Employee training costs,Direct and indirect costs of training per employee per year,Social,Social,number (reporting currency),0,NULL,NULL,NULL,NULL,NULL,NULL,NULL,NULL,NULL,NULL,NULL,NULL
407,P2,Project2,40600,Relevant training for employees,Does the firm provide employees with training that is relevant to their work skills?,Social,Social,Y/N,0,NULL,NULL,NULL,NULL,NULL,NULL,NULL,NULL,NULL,NULL,NULL,NULL
408,P2,Project2,40520,Performance/career development reviews,Does the firm provide regular performance and/or career development reviews?,Social,Social,Y/N,0,NULL,NULL,NULL,NULL,NULL,NULL,NULL,NULL,NULL,NULL,NULL,NULL
